id,company_name,cin,rank_csr,public,year,spending_pbt3_pct
1,A C C LTD.,L26940MH1936PLC002515,63,0,2007_08,NA
2,A C C LTD.,L26940MH1936PLC002515,63,0,2008_09,NA
3,A C C LTD.,L26940MH1936PLC002515,63,0,2009_10,NA
4,A C C LTD.,L26940MH1936PLC002515,63,0,2010_11,NA
5,A C C LTD.,L26940MH1936PLC002515,63,0,2011_12,1.18
6,A C C LTD.,L26940MH1936PLC002515,63,0,2012_13,1.65
7,A C C LTD.,L26940MH1936PLC002515,63,0,2013_14,1.78
8,A C C LTD.,L26940MH1936PLC002515,63,0,2014_15,2
9,A C C LTD.,L26940MH1936PLC002515,63,0,2015_16,2.07
10,A C C LTD.,L26940MH1936PLC002515,63,0,2016_17,2.33
11,A C C LTD.,L26940MH1936PLC002515,63,0,2017_18,2.09
12,ACCENTURE SOLUTIONS PVT. LTD.,U72400MH1990PTC057492,70,0,2011_12,NA
13,ACCENTURE SOLUTIONS PVT. LTD.,U72400MH1990PTC057492,70,0,2012_13,NA
14,ACCENTURE SOLUTIONS PVT. LTD.,U72400MH1990PTC057492,70,0,2013_14,NA
15,ACCENTURE SOLUTIONS PVT. LTD.,U72400MH1990PTC057492,70,0,2014_15,2.03
16,ACCENTURE SOLUTIONS PVT. LTD.,U72400MH1990PTC057492,70,0,2015_16,2
17,ACCENTURE SOLUTIONS PVT. LTD.,U72400MH1990PTC057492,70,0,2016_17,2
18,ACCENTURE SOLUTIONS PVT. LTD.,U72400MH1990PTC057492,70,0,2017_18,2
19,ADANI PORTS & SPECIAL ECONOMIC ZONE LTD.,L63090GJ1998PLC034182,43,0,2007_08,NA
20,ADANI PORTS & SPECIAL ECONOMIC ZONE LTD.,L63090GJ1998PLC034182,43,0,2008_09,NA
21,ADANI PORTS & SPECIAL ECONOMIC ZONE LTD.,L63090GJ1998PLC034182,43,0,2009_10,NA
22,ADANI PORTS & SPECIAL ECONOMIC ZONE LTD.,L63090GJ1998PLC034182,43,0,2010_11,NA
23,ADANI PORTS & SPECIAL ECONOMIC ZONE LTD.,L63090GJ1998PLC034182,43,0,2011_12,NA
24,ADANI PORTS & SPECIAL ECONOMIC ZONE LTD.,L63090GJ1998PLC034182,43,0,2012_13,2.48
25,ADANI PORTS & SPECIAL ECONOMIC ZONE LTD.,L63090GJ1998PLC034182,43,0,2013_14,1.8
26,ADANI PORTS & SPECIAL ECONOMIC ZONE LTD.,L63090GJ1998PLC034182,43,0,2014_15,2.01
27,ADANI PORTS & SPECIAL ECONOMIC ZONE LTD.,L63090GJ1998PLC034182,43,0,2015_16,2.02
28,ADANI PORTS & SPECIAL ECONOMIC ZONE LTD.,L63090GJ1998PLC034182,43,0,2016_17,2
29,ADANI PORTS & SPECIAL ECONOMIC ZONE LTD.,L63090GJ1998PLC034182,43,0,2017_18,2
30,ADANI PORTS & SPECIAL ECONOMIC ZONE LTD.,L63090GJ1998PLC034182,43,0,2018_19,2
31,AMBUJA CEMENTS LTD.,L26942GJ1981PLC004717,41,0,2007_08,NA
32,AMBUJA CEMENTS LTD.,L26942GJ1981PLC004717,41,0,2008_09,NA
33,AMBUJA CEMENTS LTD.,L26942GJ1981PLC004717,41,0,2009_10,NA
34,AMBUJA CEMENTS LTD.,L26942GJ1981PLC004717,41,0,2010_11,NA
35,AMBUJA CEMENTS LTD.,L26942GJ1981PLC004717,41,0,2011_12,NA
36,AMBUJA CEMENTS LTD.,L26942GJ1981PLC004717,41,0,2012_13,NA
37,AMBUJA CEMENTS LTD.,L26942GJ1981PLC004717,41,0,2013_14,2.12
38,AMBUJA CEMENTS LTD.,L26942GJ1981PLC004717,41,0,2014_15,2.37
39,AMBUJA CEMENTS LTD.,L26942GJ1981PLC004717,41,0,2015_16,3.99
40,AMBUJA CEMENTS LTD.,L26942GJ1981PLC004717,41,0,2016_17,4.24
41,AMBUJA CEMENTS LTD.,L26942GJ1981PLC004717,41,0,2017_18,4.2
42,ASIAN PAINTS LTD.,L24220MH1945PLC004598,47,0,2007_08,NA
43,ASIAN PAINTS LTD.,L24220MH1945PLC004598,47,0,2008_09,NA
44,ASIAN PAINTS LTD.,L24220MH1945PLC004598,47,0,2009_10,NA
45,ASIAN PAINTS LTD.,L24220MH1945PLC004598,47,0,2010_11,NA
46,ASIAN PAINTS LTD.,L24220MH1945PLC004598,47,0,2011_12,NA
47,ASIAN PAINTS LTD.,L24220MH1945PLC004598,47,0,2012_13,0.08
48,ASIAN PAINTS LTD.,L24220MH1945PLC004598,47,0,2013_14,0.28
49,ASIAN PAINTS LTD.,L24220MH1945PLC004598,47,0,2014_15,1.27
50,ASIAN PAINTS LTD.,L24220MH1945PLC004598,47,0,2015_16,2.04
51,ASIAN PAINTS LTD.,L24220MH1945PLC004598,47,0,2016_17,2.4
52,ASIAN PAINTS LTD.,L24220MH1945PLC004598,47,0,2017_18,2
53,ASIAN PAINTS LTD.,L24220MH1945PLC004598,47,0,2018_19,2.01
54,AUROBINDO PHARMA LTD.,L24239TG1986PLC015190,97,0,2007_08,NA
55,AUROBINDO PHARMA LTD.,L24239TG1986PLC015190,97,0,2008_09,NA
56,AUROBINDO PHARMA LTD.,L24239TG1986PLC015190,97,0,2009_10,NA
57,AUROBINDO PHARMA LTD.,L24239TG1986PLC015190,97,0,2010_11,NA
58,AUROBINDO PHARMA LTD.,L24239TG1986PLC015190,97,0,2011_12,NA
59,AUROBINDO PHARMA LTD.,L24239TG1986PLC015190,97,0,2012_13,NA
60,AUROBINDO PHARMA LTD.,L24239TG1986PLC015190,97,0,2013_14,NA
61,AUROBINDO PHARMA LTD.,L24239TG1986PLC015190,97,0,2014_15,1.16
62,AUROBINDO PHARMA LTD.,L24239TG1986PLC015190,97,0,2015_16,1.33
63,AUROBINDO PHARMA LTD.,L24239TG1986PLC015190,97,0,2016_17,1
64,AUROBINDO PHARMA LTD.,L24239TG1986PLC015190,97,0,2017_18,0.94
65,AUROBINDO PHARMA LTD.,L24239TG1986PLC015190,97,0,2018_19,2.07
66,AXIS BANK LTD.,L65110GJ1993PLC020769,12,0,2007_08,NA
67,AXIS BANK LTD.,L65110GJ1993PLC020769,12,0,2008_09,NA
68,AXIS BANK LTD.,L65110GJ1993PLC020769,12,0,2009_10,NA
69,AXIS BANK LTD.,L65110GJ1993PLC020769,12,0,2010_11,NA
70,AXIS BANK LTD.,L65110GJ1993PLC020769,12,0,2011_12,NA
71,AXIS BANK LTD.,L65110GJ1993PLC020769,12,0,2012_13,NA
72,AXIS BANK LTD.,L65110GJ1993PLC020769,12,0,2013_14,NA
73,AXIS BANK LTD.,L65110GJ1993PLC020769,12,0,2014_15,1.84
74,AXIS BANK LTD.,L65110GJ1993PLC020769,12,0,2015_16,1.69
75,AXIS BANK LTD.,L65110GJ1993PLC020769,12,0,2016_17,1.38
76,AXIS BANK LTD.,L65110GJ1993PLC020769,12,0,2017_18,1.43
77,AXIS BANK LTD.,L65110GJ1993PLC020769,12,0,2018_19,2.15
78,BAJAJ AUTO LTD.,L65993PN2007PLC130076,29,0,2007_08,NA
79,BAJAJ AUTO LTD.,L65993PN2007PLC130076,29,0,2008_09,NA
80,BAJAJ AUTO LTD.,L65993PN2007PLC130076,29,0,2009_10,NA
81,BAJAJ AUTO LTD.,L65993PN2007PLC130076,29,0,2010_11,NA
82,BAJAJ AUTO LTD.,L65993PN2007PLC130076,29,0,2011_12,NA
83,BAJAJ AUTO LTD.,L65993PN2007PLC130076,29,0,2012_13,NA
84,BAJAJ AUTO LTD.,L65993PN2007PLC130076,29,0,2013_14,NA
85,BAJAJ AUTO LTD.,L65993PN2007PLC130076,29,0,2014_15,0.99
86,BAJAJ AUTO LTD.,L65993PN2007PLC130076,29,0,2015_16,2.01
87,BAJAJ AUTO LTD.,L65993PN2007PLC130076,29,0,2016_17,2
88,BAJAJ AUTO LTD.,L65993PN2007PLC130076,29,0,2017_18,2.01
89,BAJAJ AUTO LTD.,L65993PN2007PLC130076,29,0,2018_19,2.02
90,BAJAJ FINANCE LTD.,L65910MH1987PLC042961,68,0,2007_08,NA
91,BAJAJ FINANCE LTD.,L65910MH1987PLC042961,68,0,2008_09,NA
92,BAJAJ FINANCE LTD.,L65910MH1987PLC042961,68,0,2009_10,NA
93,BAJAJ FINANCE LTD.,L65910MH1987PLC042961,68,0,2010_11,NA
94,BAJAJ FINANCE LTD.,L65910MH1987PLC042961,68,0,2011_12,NA
95,BAJAJ FINANCE LTD.,L65910MH1987PLC042961,68,0,2012_13,NA
96,BAJAJ FINANCE LTD.,L65910MH1987PLC042961,68,0,2013_14,NA
97,BAJAJ FINANCE LTD.,L65910MH1987PLC042961,68,0,2014_15,0.7
98,BAJAJ FINANCE LTD.,L65910MH1987PLC042961,68,0,2015_16,2
99,BAJAJ FINANCE LTD.,L65910MH1987PLC042961,68,0,2016_17,2
100,BAJAJ FINANCE LTD.,L65910MH1987PLC042961,68,0,2017_18,2.01
101,BAJAJ FINANCE LTD.,L65910MH1987PLC042961,68,0,2018_19,2.01
102,BANK OF AMERICA N A,F00689,74,0,2007_08,NA
103,BANK OF AMERICA N A,F00689,74,0,2008_09,NA
104,BANK OF AMERICA N A,F00689,74,0,2009_10,NA
105,BANK OF AMERICA N A,F00689,74,0,2010_11,NA
106,BANK OF AMERICA N A,F00689,74,0,2011_12,NA
107,BANK OF AMERICA N A,F00689,74,0,2012_13,NA
108,BANK OF AMERICA N A,F00689,74,0,2013_14,NA
109,BANK OF AMERICA N A,F00689,74,0,2014_15,1.91
110,BANK OF AMERICA N A,F00689,74,0,2015_16,1.99
111,BANK OF AMERICA N A,F00689,74,0,2016_17,2.03
112,BANK OF AMERICA N A,F00689,74,0,2017_18,2.16
113,BANK OF AMERICA N A,F00689,74,0,2018_19,2.08
114,BHARAT HEAVY ELECTRICALS LTD.,L74899DL1964GOI004281,33,1,2007_08,NA
115,BHARAT HEAVY ELECTRICALS LTD.,L74899DL1964GOI004281,33,1,2008_09,NA
116,BHARAT HEAVY ELECTRICALS LTD.,L74899DL1964GOI004281,33,1,2009_10,NA
117,BHARAT HEAVY ELECTRICALS LTD.,L74899DL1964GOI004281,33,1,2010_11,NA
118,BHARAT HEAVY ELECTRICALS LTD.,L74899DL1964GOI004281,33,1,2011_12,0.44
119,BHARAT HEAVY ELECTRICALS LTD.,L74899DL1964GOI004281,33,1,2012_13,0.73
120,BHARAT HEAVY ELECTRICALS LTD.,L74899DL1964GOI004281,33,1,2013_14,1.12
121,BHARAT HEAVY ELECTRICALS LTD.,L74899DL1964GOI004281,33,1,2014_15,NA
122,BHARAT HEAVY ELECTRICALS LTD.,L74899DL1964GOI004281,33,1,2015_16,1.2
123,BHARAT HEAVY ELECTRICALS LTD.,L74899DL1964GOI004281,33,1,2016_17,1.43
124,BHARAT HEAVY ELECTRICALS LTD.,L74899DL1964GOI004281,33,1,2017_18,1.42
125,BHARAT HEAVY ELECTRICALS LTD.,L74899DL1964GOI004281,33,1,2018_19,11.35
126,BHARAT PETROLEUM CORPN. LTD.,L23220MH1952GOI008931,13,1,2007_08,NA
127,BHARAT PETROLEUM CORPN. LTD.,L23220MH1952GOI008931,13,1,2008_09,NA
128,BHARAT PETROLEUM CORPN. LTD.,L23220MH1952GOI008931,13,1,2009_10,NA
129,BHARAT PETROLEUM CORPN. LTD.,L23220MH1952GOI008931,13,1,2010_11,NA
130,BHARAT PETROLEUM CORPN. LTD.,L23220MH1952GOI008931,13,1,2011_12,0.37
131,BHARAT PETROLEUM CORPN. LTD.,L23220MH1952GOI008931,13,1,2012_13,0.82
132,BHARAT PETROLEUM CORPN. LTD.,L23220MH1952GOI008931,13,1,2013_14,1.24
133,BHARAT PETROLEUM CORPN. LTD.,L23220MH1952GOI008931,13,1,2014_15,2
134,BHARAT PETROLEUM CORPN. LTD.,L23220MH1952GOI008931,13,1,2015_16,2.75
135,BHARAT PETROLEUM CORPN. LTD.,L23220MH1952GOI008931,13,1,2016_17,2.74
136,BHARAT PETROLEUM CORPN. LTD.,L23220MH1952GOI008931,13,1,2017_18,3.39
137,BHARAT PETROLEUM CORPN. LTD.,L23220MH1952GOI008931,13,1,2018_19,1.75
138,BHARTI AIRTEL LTD.,L74899DL1995PLC070609,36,0,2007_08,NA
139,BHARTI AIRTEL LTD.,L74899DL1995PLC070609,36,0,2008_09,NA
140,BHARTI AIRTEL LTD.,L74899DL1995PLC070609,36,0,2009_10,NA
141,BHARTI AIRTEL LTD.,L74899DL1995PLC070609,36,0,2010_11,NA
142,BHARTI AIRTEL LTD.,L74899DL1995PLC070609,36,0,2011_12,NA
143,BHARTI AIRTEL LTD.,L74899DL1995PLC070609,36,0,2012_13,0.34
144,BHARTI AIRTEL LTD.,L74899DL1995PLC070609,36,0,2013_14,0.08
145,BHARTI AIRTEL LTD.,L74899DL1995PLC070609,36,0,2014_15,0.59
146,BHARTI AIRTEL LTD.,L74899DL1995PLC070609,36,0,2015_16,0.57
147,BHARTI AIRTEL LTD.,L74899DL1995PLC070609,36,0,2016_17,0.94
148,BHARTI AIRTEL LTD.,L74899DL1995PLC070609,36,0,2017_18,0.26
149,BHARTI AIRTEL LTD.,L74899DL1995PLC070609,36,0,2018_19,0.89
150,BHARTI INFRATEL LTD.,L64201HR2006PLC073821,81,0,2007_08,NA
151,BHARTI INFRATEL LTD.,L64201HR2006PLC073821,81,0,2008_09,NA
152,BHARTI INFRATEL LTD.,L64201HR2006PLC073821,81,0,2009_10,NA
153,BHARTI INFRATEL LTD.,L64201HR2006PLC073821,81,0,2010_11,NA
154,BHARTI INFRATEL LTD.,L64201HR2006PLC073821,81,0,2011_12,NA
155,BHARTI INFRATEL LTD.,L64201HR2006PLC073821,81,0,2012_13,NA
156,BHARTI INFRATEL LTD.,L64201HR2006PLC073821,81,0,2013_14,0.81
157,BHARTI INFRATEL LTD.,L64201HR2006PLC073821,81,0,2014_15,1.8
158,BHARTI INFRATEL LTD.,L64201HR2006PLC073821,81,0,2015_16,1.64
159,BHARTI INFRATEL LTD.,L64201HR2006PLC073821,81,0,2016_17,1.05
160,BHARTI INFRATEL LTD.,L64201HR2006PLC073821,81,0,2017_18,1.06
161,BHARTI INFRATEL LTD.,L64201HR2006PLC073821,81,0,2018_19,1.88
162,BOSCH LTD.,L85110KA1951PLC000761,65,0,2007_08,NA
163,BOSCH LTD.,L85110KA1951PLC000761,65,0,2008_09,NA
164,BOSCH LTD.,L85110KA1951PLC000761,65,0,2009_10,NA
165,BOSCH LTD.,L85110KA1951PLC000761,65,0,2010_11,NA
166,BOSCH LTD.,L85110KA1951PLC000761,65,0,2011_12,NA
167,BOSCH LTD.,L85110KA1951PLC000761,65,0,2012_13,0.42
168,BOSCH LTD.,L85110KA1951PLC000761,65,0,2013_14,0.18
169,BOSCH LTD.,L85110KA1951PLC000761,65,0,2014_15,0.76
170,BOSCH LTD.,L85110KA1951PLC000761,65,0,2015_16,1.35
171,BOSCH LTD.,L85110KA1951PLC000761,65,0,2016_17,2
172,BOSCH LTD.,L85110KA1951PLC000761,65,0,2017_18,2
173,BOSCH LTD.,L85110KA1951PLC000761,65,0,2018_19,2
174,CADILA HEALTHCARE LTD.,L24230GJ1995PLC025878,90,0,2007_08,NA
175,CADILA HEALTHCARE LTD.,L24230GJ1995PLC025878,90,0,2008_09,NA
176,CADILA HEALTHCARE LTD.,L24230GJ1995PLC025878,90,0,2009_10,NA
177,CADILA HEALTHCARE LTD.,L24230GJ1995PLC025878,90,0,2010_11,NA
178,CADILA HEALTHCARE LTD.,L24230GJ1995PLC025878,90,0,2011_12,NA
179,CADILA HEALTHCARE LTD.,L24230GJ1995PLC025878,90,0,2012_13,1.3
180,CADILA HEALTHCARE LTD.,L24230GJ1995PLC025878,90,0,2013_14,2.42
181,CADILA HEALTHCARE LTD.,L24230GJ1995PLC025878,90,0,2014_15,NA
182,CADILA HEALTHCARE LTD.,L24230GJ1995PLC025878,90,0,2015_16,2
183,CADILA HEALTHCARE LTD.,L24230GJ1995PLC025878,90,0,2016_17,2
184,CADILA HEALTHCARE LTD.,L24230GJ1995PLC025878,90,0,2017_18,2
185,CADILA HEALTHCARE LTD.,L24230GJ1995PLC025878,90,0,2018_19,2
186,CENTRAL COALFIELDS LTD.,U10200JH1956GOI000581,31,1,2007_08,NA
187,CENTRAL COALFIELDS LTD.,U10200JH1956GOI000581,31,1,2008_09,NA
188,CENTRAL COALFIELDS LTD.,U10200JH1956GOI000581,31,1,2009_10,NA
189,CENTRAL COALFIELDS LTD.,U10200JH1956GOI000581,31,1,2010_11,NA
190,CENTRAL COALFIELDS LTD.,U10200JH1956GOI000581,31,1,2011_12,NA
191,CENTRAL COALFIELDS LTD.,U10200JH1956GOI000581,31,1,2012_13,NA
192,CENTRAL COALFIELDS LTD.,U10200JH1956GOI000581,31,1,2013_14,NA
193,CENTRAL COALFIELDS LTD.,U10200JH1956GOI000581,31,1,2014_15,2
194,CENTRAL COALFIELDS LTD.,U10200JH1956GOI000581,31,1,2015_16,8.03
195,CENTRAL COALFIELDS LTD.,U10200JH1956GOI000581,31,1,2016_17,1.08
196,CENTRAL COALFIELDS LTD.,U10200JH1956GOI000581,31,1,2017_18,1.67
197,CENTRAL COALFIELDS LTD.,U10200JH1956GOI000581,31,1,2018_19,1.81
198,CIPLA LTD.,L24239MH1935PLC002380,69,0,2007_08,NA
199,CIPLA LTD.,L24239MH1935PLC002380,69,0,2008_09,NA
200,CIPLA LTD.,L24239MH1935PLC002380,69,0,2009_10,NA
201,CIPLA LTD.,L24239MH1935PLC002380,69,0,2010_11,NA
202,CIPLA LTD.,L24239MH1935PLC002380,69,0,2011_12,NA
203,CIPLA LTD.,L24239MH1935PLC002380,69,0,2012_13,0.59
204,CIPLA LTD.,L24239MH1935PLC002380,69,0,2013_14,0.65
205,CIPLA LTD.,L24239MH1935PLC002380,69,0,2014_15,0.77
206,CIPLA LTD.,L24239MH1935PLC002380,69,0,2015_16,1.14
207,CIPLA LTD.,L24239MH1935PLC002380,69,0,2016_17,1.69
208,CIPLA LTD.,L24239MH1935PLC002380,69,0,2017_18,2.07
209,CIPLA LTD.,L24239MH1935PLC002380,69,0,2018_19,2
210,COAL INDIA LTD.,L23109WB1973GOI028844,34,1,2007_08,NA
211,COAL INDIA LTD.,L23109WB1973GOI028844,34,1,2008_09,NA
212,COAL INDIA LTD.,L23109WB1973GOI028844,34,1,2009_10,NA
213,COAL INDIA LTD.,L23109WB1973GOI028844,34,1,2010_11,NA
214,COAL INDIA LTD.,L23109WB1973GOI028844,34,1,2011_12,NA
215,COAL INDIA LTD.,L23109WB1973GOI028844,34,1,2012_13,NA
216,COAL INDIA LTD.,L23109WB1973GOI028844,34,1,2013_14,NA
217,COAL INDIA LTD.,L23109WB1973GOI028844,34,1,2014_15,2.06
218,COAL INDIA LTD.,L23109WB1973GOI028844,34,1,2015_16,7.44
219,COAL INDIA LTD.,L23109WB1973GOI028844,34,1,2016_17,18.78
220,COAL INDIA LTD.,L23109WB1973GOI028844,34,1,2017_18,30.14
221,COAL INDIA LTD.,L23109WB1973GOI028844,34,1,2018_19,8.41
222,CONTAINER CORPN. OF INDIA LTD.,L63011DL1988GOI030915,72,1,2007_08,NA
223,CONTAINER CORPN. OF INDIA LTD.,L63011DL1988GOI030915,72,1,2008_09,NA
224,CONTAINER CORPN. OF INDIA LTD.,L63011DL1988GOI030915,72,1,2009_10,NA
225,CONTAINER CORPN. OF INDIA LTD.,L63011DL1988GOI030915,72,1,2010_11,NA
226,CONTAINER CORPN. OF INDIA LTD.,L63011DL1988GOI030915,72,1,2011_12,0.53
227,CONTAINER CORPN. OF INDIA LTD.,L63011DL1988GOI030915,72,1,2012_13,0.58
228,CONTAINER CORPN. OF INDIA LTD.,L63011DL1988GOI030915,72,1,2013_14,0.92
229,CONTAINER CORPN. OF INDIA LTD.,L63011DL1988GOI030915,72,1,2014_15,NA
230,CONTAINER CORPN. OF INDIA LTD.,L63011DL1988GOI030915,72,1,2015_16,2.45
231,CONTAINER CORPN. OF INDIA LTD.,L63011DL1988GOI030915,72,1,2016_17,2.02
232,CONTAINER CORPN. OF INDIA LTD.,L63011DL1988GOI030915,72,1,2017_18,128.63
233,CONTAINER CORPN. OF INDIA LTD.,L63011DL1988GOI030915,72,1,2018_19,1.04
234,DABUR INDIA LTD.,L24230DL1975PLC007908,82,0,2007_08,NA
235,DABUR INDIA LTD.,L24230DL1975PLC007908,82,0,2008_09,NA
236,DABUR INDIA LTD.,L24230DL1975PLC007908,82,0,2009_10,NA
237,DABUR INDIA LTD.,L24230DL1975PLC007908,82,0,2010_11,NA
238,DABUR INDIA LTD.,L24230DL1975PLC007908,82,0,2011_12,NA
239,DABUR INDIA LTD.,L24230DL1975PLC007908,82,0,2012_13,NA
240,DABUR INDIA LTD.,L24230DL1975PLC007908,82,0,2013_14,3.2
241,DABUR INDIA LTD.,L24230DL1975PLC007908,82,0,2014_15,2.01
242,DABUR INDIA LTD.,L24230DL1975PLC007908,82,0,2015_16,2.02
243,DABUR INDIA LTD.,L24230DL1975PLC007908,82,0,2016_17,2
244,DABUR INDIA LTD.,L24230DL1975PLC007908,82,0,2017_18,2.07
245,DABUR INDIA LTD.,L24230DL1975PLC007908,82,0,2018_19,2.07
246,DR. REDDY'S LABORATORIES LTD.,L85195TG1984PLC004507,50,0,2007_08,NA
247,DR. REDDY'S LABORATORIES LTD.,L85195TG1984PLC004507,50,0,2008_09,NA
248,DR. REDDY'S LABORATORIES LTD.,L85195TG1984PLC004507,50,0,2009_10,NA
249,DR. REDDY'S LABORATORIES LTD.,L85195TG1984PLC004507,50,0,2010_11,NA
250,DR. REDDY'S LABORATORIES LTD.,L85195TG1984PLC004507,50,0,2011_12,NA
251,DR. REDDY'S LABORATORIES LTD.,L85195TG1984PLC004507,50,0,2012_13,1.49
252,DR. REDDY'S LABORATORIES LTD.,L85195TG1984PLC004507,50,0,2013_14,1.47
253,DR. REDDY'S LABORATORIES LTD.,L85195TG1984PLC004507,50,0,2014_15,1.59
254,DR. REDDY'S LABORATORIES LTD.,L85195TG1984PLC004507,50,0,2015_16,1.97
255,DR. REDDY'S LABORATORIES LTD.,L85195TG1984PLC004507,50,0,2016_17,2.1
256,DR. REDDY'S LABORATORIES LTD.,L85195TG1984PLC004507,50,0,2017_18,2
257,DR. REDDY'S LABORATORIES LTD.,L85195TG1984PLC004507,50,0,2018_19,2.21
258,G A I L (INDIA) LTD.,L40200DL1984GOI018976,25,1,2007_08,NA
259,G A I L (INDIA) LTD.,L40200DL1984GOI018976,25,1,2008_09,NA
260,G A I L (INDIA) LTD.,L40200DL1984GOI018976,25,1,2009_10,NA
261,G A I L (INDIA) LTD.,L40200DL1984GOI018976,25,1,2010_11,NA
262,G A I L (INDIA) LTD.,L40200DL1984GOI018976,25,1,2011_12,NA
263,G A I L (INDIA) LTD.,L40200DL1984GOI018976,25,1,2012_13,1.11
264,G A I L (INDIA) LTD.,L40200DL1984GOI018976,25,1,2013_14,1.13
265,G A I L (INDIA) LTD.,L40200DL1984GOI018976,25,1,2014_15,0.7
266,G A I L (INDIA) LTD.,L40200DL1984GOI018976,25,1,2015_16,3.14
267,G A I L (INDIA) LTD.,L40200DL1984GOI018976,25,1,2016_17,3.03
268,G A I L (INDIA) LTD.,L40200DL1984GOI018976,25,1,2017_18,2.63
269,G A I L (INDIA) LTD.,L40200DL1984GOI018976,25,1,2018_19,2.74
270,GLAXOSMITHKLINE CONSUMER HEALTHCARE LTD.,L24231PB1958PLC002257,93,0,2007_08,NA
271,GLAXOSMITHKLINE CONSUMER HEALTHCARE LTD.,L24231PB1958PLC002257,93,0,2008_09,NA
272,GLAXOSMITHKLINE CONSUMER HEALTHCARE LTD.,L24231PB1958PLC002257,93,0,2009_10,NA
273,GLAXOSMITHKLINE CONSUMER HEALTHCARE LTD.,L24231PB1958PLC002257,93,0,2010_11,NA
274,GLAXOSMITHKLINE CONSUMER HEALTHCARE LTD.,L24231PB1958PLC002257,93,0,2011_12,NA
275,GLAXOSMITHKLINE CONSUMER HEALTHCARE LTD.,L24231PB1958PLC002257,93,0,2012_13,NA
276,GLAXOSMITHKLINE CONSUMER HEALTHCARE LTD.,L24231PB1958PLC002257,93,0,2013_14,NA
277,GLAXOSMITHKLINE CONSUMER HEALTHCARE LTD.,L24231PB1958PLC002257,93,0,2014_15,2.36
278,GLAXOSMITHKLINE CONSUMER HEALTHCARE LTD.,L24231PB1958PLC002257,93,0,2015_16,1.27
279,GLAXOSMITHKLINE CONSUMER HEALTHCARE LTD.,L24231PB1958PLC002257,93,0,2016_17,2
280,GLAXOSMITHKLINE CONSUMER HEALTHCARE LTD.,L24231PB1958PLC002257,93,0,2017_18,2
281,GLAXOSMITHKLINE CONSUMER HEALTHCARE LTD.,L24231PB1958PLC002257,93,0,2018_19,2.02
282,GLENMARK PHARMACEUTICALS LTD.,L24299MH1977PLC019982,98,0,2007_08,NA
283,GLENMARK PHARMACEUTICALS LTD.,L24299MH1977PLC019982,98,0,2008_09,NA
284,GLENMARK PHARMACEUTICALS LTD.,L24299MH1977PLC019982,98,0,2009_10,NA
285,GLENMARK PHARMACEUTICALS LTD.,L24299MH1977PLC019982,98,0,2010_11,NA
286,GLENMARK PHARMACEUTICALS LTD.,L24299MH1977PLC019982,98,0,2011_12,0.16
287,GLENMARK PHARMACEUTICALS LTD.,L24299MH1977PLC019982,98,0,2012_13,0.27
288,GLENMARK PHARMACEUTICALS LTD.,L24299MH1977PLC019982,98,0,2013_14,0.26
289,GLENMARK PHARMACEUTICALS LTD.,L24299MH1977PLC019982,98,0,2014_15,1.48
290,GLENMARK PHARMACEUTICALS LTD.,L24299MH1977PLC019982,98,0,2015_16,1.69
291,GLENMARK PHARMACEUTICALS LTD.,L24299MH1977PLC019982,98,0,2016_17,1.64
292,GLENMARK PHARMACEUTICALS LTD.,L24299MH1977PLC019982,98,0,2017_18,1.52
293,GLENMARK PHARMACEUTICALS LTD.,L24299MH1977PLC019982,98,0,2018_19,1.63
294,GODREJ CONSUMER PRODUCTS LTD.,L24246MH2000PLC129806,96,0,2007_08,NA
295,GODREJ CONSUMER PRODUCTS LTD.,L24246MH2000PLC129806,96,0,2008_09,NA
296,GODREJ CONSUMER PRODUCTS LTD.,L24246MH2000PLC129806,96,0,2009_10,NA
297,GODREJ CONSUMER PRODUCTS LTD.,L24246MH2000PLC129806,96,0,2010_11,NA
298,GODREJ CONSUMER PRODUCTS LTD.,L24246MH2000PLC129806,96,0,2011_12,NA
299,GODREJ CONSUMER PRODUCTS LTD.,L24246MH2000PLC129806,96,0,2012_13,0.57
300,GODREJ CONSUMER PRODUCTS LTD.,L24246MH2000PLC129806,96,0,2013_14,0.7
301,GODREJ CONSUMER PRODUCTS LTD.,L24246MH2000PLC129806,96,0,2014_15,2.59
302,GODREJ CONSUMER PRODUCTS LTD.,L24246MH2000PLC129806,96,0,2015_16,2.05
303,GODREJ CONSUMER PRODUCTS LTD.,L24246MH2000PLC129806,96,0,2016_17,2.02
304,GODREJ CONSUMER PRODUCTS LTD.,L24246MH2000PLC129806,96,0,2017_18,2.01
305,GODREJ CONSUMER PRODUCTS LTD.,L24246MH2000PLC129806,96,0,2018_19,2
306,GRASIM INDUSTRIES LTD.,L17124MP1947PLC000410,80,0,2007_08,NA
307,GRASIM INDUSTRIES LTD.,L17124MP1947PLC000410,80,0,2008_09,NA
308,GRASIM INDUSTRIES LTD.,L17124MP1947PLC000410,80,0,2009_10,NA
309,GRASIM INDUSTRIES LTD.,L17124MP1947PLC000410,80,0,2010_11,NA
310,GRASIM INDUSTRIES LTD.,L17124MP1947PLC000410,80,0,2011_12,NA
311,GRASIM INDUSTRIES LTD.,L17124MP1947PLC000410,80,0,2012_13,NA
312,GRASIM INDUSTRIES LTD.,L17124MP1947PLC000410,80,0,2013_14,NA
313,GRASIM INDUSTRIES LTD.,L17124MP1947PLC000410,80,0,2014_15,1.67
314,GRASIM INDUSTRIES LTD.,L17124MP1947PLC000410,80,0,2015_16,1.9
315,GRASIM INDUSTRIES LTD.,L17124MP1947PLC000410,80,0,2016_17,2.29
316,GRASIM INDUSTRIES LTD.,L17124MP1947PLC000410,80,0,2017_18,2.7
317,GRASIM INDUSTRIES LTD.,L17124MP1947PLC000410,80,0,2018_19,2.78
318,H C L TECHNOLOGIES LTD.,L74140DL1991PLC046369,49,0,2007_08,NA
319,H C L TECHNOLOGIES LTD.,L74140DL1991PLC046369,49,0,2008_09,NA
320,H C L TECHNOLOGIES LTD.,L74140DL1991PLC046369,49,0,2009_10,NA
321,H C L TECHNOLOGIES LTD.,L74140DL1991PLC046369,49,0,2010_11,NA
322,H C L TECHNOLOGIES LTD.,L74140DL1991PLC046369,49,0,2011_12,NA
323,H C L TECHNOLOGIES LTD.,L74140DL1991PLC046369,49,0,2012_13,NA
324,H C L TECHNOLOGIES LTD.,L74140DL1991PLC046369,49,0,2013_14,NA
325,H C L TECHNOLOGIES LTD.,L74140DL1991PLC046369,49,0,2014_15,0.14
326,H C L TECHNOLOGIES LTD.,L74140DL1991PLC046369,49,0,2015_16,0.17
327,H C L TECHNOLOGIES LTD.,L74140DL1991PLC046369,49,0,2016_17,0.6
328,H C L TECHNOLOGIES LTD.,L74140DL1991PLC046369,49,0,2017_18,1.36
329,H C L TECHNOLOGIES LTD.,L74140DL1991PLC046369,49,0,2018_19,1.74
330,H D F C BANK LTD.,L65920MH1994PLC080618,7,0,2007_08,NA
331,H D F C BANK LTD.,L65920MH1994PLC080618,7,0,2008_09,NA
332,H D F C BANK LTD.,L65920MH1994PLC080618,7,0,2009_10,NA
333,H D F C BANK LTD.,L65920MH1994PLC080618,7,0,2010_11,NA
334,H D F C BANK LTD.,L65920MH1994PLC080618,7,0,2011_12,NA
335,H D F C BANK LTD.,L65920MH1994PLC080618,7,0,2012_13,0.66
336,H D F C BANK LTD.,L65920MH1994PLC080618,7,0,2013_14,0.91
337,H D F C BANK LTD.,L65920MH1994PLC080618,7,0,2014_15,1.2
338,H D F C BANK LTD.,L65920MH1994PLC080618,7,0,2015_16,1.57
339,H D F C BANK LTD.,L65920MH1994PLC080618,7,0,2016_17,2.01
340,H D F C BANK LTD.,L65920MH1994PLC080618,7,0,2017_18,2.05
341,H D F C BANK LTD.,L65920MH1994PLC080618,7,0,2018_19,2.02
342,HERO MOTOCORP LTD.,L35911DL1984PLC017354,37,0,2007_08,NA
343,HERO MOTOCORP LTD.,L35911DL1984PLC017354,37,0,2008_09,NA
344,HERO MOTOCORP LTD.,L35911DL1984PLC017354,37,0,2009_10,NA
345,HERO MOTOCORP LTD.,L35911DL1984PLC017354,37,0,2010_11,NA
346,HERO MOTOCORP LTD.,L35911DL1984PLC017354,37,0,2011_12,NA
347,HERO MOTOCORP LTD.,L35911DL1984PLC017354,37,0,2012_13,0.05
348,HERO MOTOCORP LTD.,L35911DL1984PLC017354,37,0,2013_14,0.05
349,HERO MOTOCORP LTD.,L35911DL1984PLC017354,37,0,2014_15,0.11
350,HERO MOTOCORP LTD.,L35911DL1984PLC017354,37,0,2015_16,2
351,HERO MOTOCORP LTD.,L35911DL1984PLC017354,37,0,2016_17,2
352,HERO MOTOCORP LTD.,L35911DL1984PLC017354,37,0,2017_18,2.04
353,HERO MOTOCORP LTD.,L35911DL1984PLC017354,37,0,2018_19,2.18
354,HINDALCO INDUSTRIES LTD.,L27020MH1958PLC011238,55,0,2007_08,NA
355,HINDALCO INDUSTRIES LTD.,L27020MH1958PLC011238,55,0,2008_09,NA
356,HINDALCO INDUSTRIES LTD.,L27020MH1958PLC011238,55,0,2009_10,NA
357,HINDALCO INDUSTRIES LTD.,L27020MH1958PLC011238,55,0,2010_11,NA
358,HINDALCO INDUSTRIES LTD.,L27020MH1958PLC011238,55,0,2011_12,0.16
359,HINDALCO INDUSTRIES LTD.,L27020MH1958PLC011238,55,0,2012_13,1.16
360,HINDALCO INDUSTRIES LTD.,L27020MH1958PLC011238,55,0,2013_14,1.32
361,HINDALCO INDUSTRIES LTD.,L27020MH1958PLC011238,55,0,2014_15,1.86
362,HINDALCO INDUSTRIES LTD.,L27020MH1958PLC011238,55,0,2015_16,2.2
363,HINDALCO INDUSTRIES LTD.,L27020MH1958PLC011238,55,0,2016_17,2.71
364,HINDALCO INDUSTRIES LTD.,L27020MH1958PLC011238,55,0,2017_18,2.33
365,HINDALCO INDUSTRIES LTD.,L27020MH1958PLC011238,55,0,2018_19,2.28
366,HINDUSTAN AERONAUTICS LTD.,L35301KA1963GOI001622,32,1,2007_08,NA
367,HINDUSTAN AERONAUTICS LTD.,L35301KA1963GOI001622,32,1,2008_09,NA
368,HINDUSTAN AERONAUTICS LTD.,L35301KA1963GOI001622,32,1,2009_10,NA
369,HINDUSTAN AERONAUTICS LTD.,L35301KA1963GOI001622,32,1,2010_11,NA
370,HINDUSTAN AERONAUTICS LTD.,L35301KA1963GOI001622,32,1,2011_12,0.22
371,HINDUSTAN AERONAUTICS LTD.,L35301KA1963GOI001622,32,1,2012_13,0.44
372,HINDUSTAN AERONAUTICS LTD.,L35301KA1963GOI001622,32,1,2013_14,0.46
373,HINDUSTAN AERONAUTICS LTD.,L35301KA1963GOI001622,32,1,2014_15,1.32
374,HINDUSTAN AERONAUTICS LTD.,L35301KA1963GOI001622,32,1,2015_16,2.66
375,HINDUSTAN AERONAUTICS LTD.,L35301KA1963GOI001622,32,1,2016_17,2.03
376,HINDUSTAN AERONAUTICS LTD.,L35301KA1963GOI001622,32,1,2017_18,2.33
377,HINDUSTAN AERONAUTICS LTD.,L35301KA1963GOI001622,32,1,2018_19,2.15
378,HINDUSTAN PETROLEUM CORPN. LTD.,L23201MH1952GOI008858,22,1,2007_08,NA
379,HINDUSTAN PETROLEUM CORPN. LTD.,L23201MH1952GOI008858,22,1,2008_09,NA
380,HINDUSTAN PETROLEUM CORPN. LTD.,L23201MH1952GOI008858,22,1,2009_10,NA
381,HINDUSTAN PETROLEUM CORPN. LTD.,L23201MH1952GOI008858,22,1,2010_11,NA
382,HINDUSTAN PETROLEUM CORPN. LTD.,L23201MH1952GOI008858,22,1,2011_12,1.54
383,HINDUSTAN PETROLEUM CORPN. LTD.,L23201MH1952GOI008858,22,1,2012_13,1.16
384,HINDUSTAN PETROLEUM CORPN. LTD.,L23201MH1952GOI008858,22,1,2013_14,0.64
385,HINDUSTAN PETROLEUM CORPN. LTD.,L23201MH1952GOI008858,22,1,2014_15,NA
386,HINDUSTAN PETROLEUM CORPN. LTD.,L23201MH1952GOI008858,22,1,2015_16,2.66
387,HINDUSTAN PETROLEUM CORPN. LTD.,L23201MH1952GOI008858,22,1,2016_17,2.61
388,HINDUSTAN PETROLEUM CORPN. LTD.,L23201MH1952GOI008858,22,1,2017_18,2.48
389,HINDUSTAN PETROLEUM CORPN. LTD.,L23201MH1952GOI008858,22,1,2018_19,2
390,HINDUSTAN UNILEVER LTD.,L15140MH1933PLC002030,20,0,2008_09,NA
391,HINDUSTAN UNILEVER LTD.,L15140MH1933PLC002030,20,0,2009_10,NA
392,HINDUSTAN UNILEVER LTD.,L15140MH1933PLC002030,20,0,2010_11,NA
393,HINDUSTAN UNILEVER LTD.,L15140MH1933PLC002030,20,0,2011_12,NA
394,HINDUSTAN UNILEVER LTD.,L15140MH1933PLC002030,20,0,2012_13,NA
395,HINDUSTAN UNILEVER LTD.,L15140MH1933PLC002030,20,0,2013_14,NA
396,HINDUSTAN UNILEVER LTD.,L15140MH1933PLC002030,20,0,2014_15,2.06
397,HINDUSTAN UNILEVER LTD.,L15140MH1933PLC002030,20,0,2015_16,2
398,HINDUSTAN UNILEVER LTD.,L15140MH1933PLC002030,20,0,2016_17,2.04
399,HINDUSTAN UNILEVER LTD.,L15140MH1933PLC002030,20,0,2017_18,2.07
400,HINDUSTAN UNILEVER LTD.,L15140MH1933PLC002030,20,0,2018_19,2.04
401,HINDUSTAN ZINC LTD.,L27204RJ1966PLC001208,19,1,2007_08,NA
402,HINDUSTAN ZINC LTD.,L27204RJ1966PLC001208,19,1,2008_09,NA
403,HINDUSTAN ZINC LTD.,L27204RJ1966PLC001208,19,1,2009_10,NA
404,HINDUSTAN ZINC LTD.,L27204RJ1966PLC001208,19,1,2010_11,NA
405,HINDUSTAN ZINC LTD.,L27204RJ1966PLC001208,19,1,2011_12,NA
406,HINDUSTAN ZINC LTD.,L27204RJ1966PLC001208,19,1,2012_13,NA
407,HINDUSTAN ZINC LTD.,L27204RJ1966PLC001208,19,1,2013_14,1.35
408,HINDUSTAN ZINC LTD.,L27204RJ1966PLC001208,19,1,2014_15,0.78
409,HINDUSTAN ZINC LTD.,L27204RJ1966PLC001208,19,1,2015_16,2
410,HINDUSTAN ZINC LTD.,L27204RJ1966PLC001208,19,1,2016_17,0.56
411,HINDUSTAN ZINC LTD.,L27204RJ1966PLC001208,19,1,2017_18,0.97
412,HINDUSTAN ZINC LTD.,L27204RJ1966PLC001208,19,1,2018_19,1.28
413,HOUSING DEVELOPMENT FINANCE CORPN. LTD.,L70100MH1977PLC019916,17,1,2007_08,NA
414,HOUSING DEVELOPMENT FINANCE CORPN. LTD.,L70100MH1977PLC019916,17,1,2008_09,NA
415,HOUSING DEVELOPMENT FINANCE CORPN. LTD.,L70100MH1977PLC019916,17,1,2009_10,NA
416,HOUSING DEVELOPMENT FINANCE CORPN. LTD.,L70100MH1977PLC019916,17,1,2010_11,NA
417,HOUSING DEVELOPMENT FINANCE CORPN. LTD.,L70100MH1977PLC019916,17,1,2011_12,0.37
418,HOUSING DEVELOPMENT FINANCE CORPN. LTD.,L70100MH1977PLC019916,17,1,2012_13,0.83
419,HOUSING DEVELOPMENT FINANCE CORPN. LTD.,L70100MH1977PLC019916,17,1,2013_14,1.05
420,HOUSING DEVELOPMENT FINANCE CORPN. LTD.,L70100MH1977PLC019916,17,1,2014_15,0.8
421,HOUSING DEVELOPMENT FINANCE CORPN. LTD.,L70100MH1977PLC019916,17,1,2015_16,1.23
422,HOUSING DEVELOPMENT FINANCE CORPN. LTD.,L70100MH1977PLC019916,17,1,2016_17,1.82
423,HOUSING DEVELOPMENT FINANCE CORPN. LTD.,L70100MH1977PLC019916,17,1,2017_18,2.2
424,HOUSING DEVELOPMENT FINANCE CORPN. LTD.,L70100MH1977PLC019916,17,1,2018_19,2.08
425,I C I C I BANK LTD.,L65190GJ1994PLC021012,10,0,2007_08,NA
426,I C I C I BANK LTD.,L65190GJ1994PLC021012,10,0,2008_09,NA
427,I C I C I BANK LTD.,L65190GJ1994PLC021012,10,0,2009_10,NA
428,I C I C I BANK LTD.,L65190GJ1994PLC021012,10,0,2010_11,NA
429,I C I C I BANK LTD.,L65190GJ1994PLC021012,10,0,2011_12,0.11
430,I C I C I BANK LTD.,L65190GJ1994PLC021012,10,0,2012_13,0.11
431,I C I C I BANK LTD.,L65190GJ1994PLC021012,10,0,2013_14,NA
432,I C I C I BANK LTD.,L65190GJ1994PLC021012,10,0,2014_15,1.82
433,I C I C I BANK LTD.,L65190GJ1994PLC021012,10,0,2015_16,1.62
434,I C I C I BANK LTD.,L65190GJ1994PLC021012,10,0,2016_17,1.82
435,I C I C I BANK LTD.,L65190GJ1994PLC021012,10,0,2017_18,2
436,I C I C I BANK LTD.,L65190GJ1994PLC021012,10,0,2018_19,1.55
437,I D F C LTD.,L65191TN1997PLC037415,85,1,2007_08,NA
438,I D F C LTD.,L65191TN1997PLC037415,85,1,2008_09,NA
439,I D F C LTD.,L65191TN1997PLC037415,85,1,2009_10,NA
440,I D F C LTD.,L65191TN1997PLC037415,85,1,2010_11,NA
441,I D F C LTD.,L65191TN1997PLC037415,85,1,2011_12,NA
442,I D F C LTD.,L65191TN1997PLC037415,85,1,2012_13,1.71
443,I D F C LTD.,L65191TN1997PLC037415,85,1,2013_14,1.35
444,I D F C LTD.,L65191TN1997PLC037415,85,1,2014_15,2.01
445,I D F C LTD.,L65191TN1997PLC037415,85,1,2015_16,1
446,I D F C LTD.,L65191TN1997PLC037415,85,1,2016_17,2.66
447,I D F C LTD.,L65191TN1997PLC037415,85,1,2017_18,1.99
448,I D F C LTD.,L65191TN1997PLC037415,85,1,2018_19,2.01
449,I T C LTD.,L16005WB1910PLC001985,6,0,2007_08,NA
450,I T C LTD.,L16005WB1910PLC001985,6,0,2008_09,NA
451,I T C LTD.,L16005WB1910PLC001985,6,0,2009_10,NA
452,I T C LTD.,L16005WB1910PLC001985,6,0,2010_11,NA
453,I T C LTD.,L16005WB1910PLC001985,6,0,2011_12,0.96
454,I T C LTD.,L16005WB1910PLC001985,6,0,2012_13,1.05
455,I T C LTD.,L16005WB1910PLC001985,6,0,2013_14,1.19
456,I T C LTD.,L16005WB1910PLC001985,6,0,2014_15,2.01
457,I T C LTD.,L16005WB1910PLC001985,6,0,2015_16,2.01
458,I T C LTD.,L16005WB1910PLC001985,6,0,2016_17,2.01
459,I T C LTD.,L16005WB1910PLC001985,6,0,2017_18,2
460,I T C LTD.,L16005WB1910PLC001985,6,0,2018_19,2
461,INDIABULLS HOUSING FINANCE LTD.,L65922DL2005PLC136029,52,0,2007_08,NA
462,INDIABULLS HOUSING FINANCE LTD.,L65922DL2005PLC136029,52,0,2008_09,NA
463,INDIABULLS HOUSING FINANCE LTD.,L65922DL2005PLC136029,52,0,2009_10,NA
464,INDIABULLS HOUSING FINANCE LTD.,L65922DL2005PLC136029,52,0,2010_11,NA
465,INDIABULLS HOUSING FINANCE LTD.,L65922DL2005PLC136029,52,0,2011_12,16.18
466,INDIABULLS HOUSING FINANCE LTD.,L65922DL2005PLC136029,52,0,2012_13,NA
467,INDIABULLS HOUSING FINANCE LTD.,L65922DL2005PLC136029,52,0,2013_14,0.44
468,INDIABULLS HOUSING FINANCE LTD.,L65922DL2005PLC136029,52,0,2014_15,2
469,INDIABULLS HOUSING FINANCE LTD.,L65922DL2005PLC136029,52,0,2015_16,2
470,INDIABULLS HOUSING FINANCE LTD.,L65922DL2005PLC136029,52,0,2016_17,2
471,INDIABULLS HOUSING FINANCE LTD.,L65922DL2005PLC136029,52,0,2017_18,2
472,INDIABULLS HOUSING FINANCE LTD.,L65922DL2005PLC136029,52,0,2018_19,2
473,INDIAN OIL CORPN. LTD.,L23201MH1959GOI011388,16,1,2007_08,NA
474,INDIAN OIL CORPN. LTD.,L23201MH1959GOI011388,16,1,2008_09,NA
475,INDIAN OIL CORPN. LTD.,L23201MH1959GOI011388,16,1,2009_10,NA
476,INDIAN OIL CORPN. LTD.,L23201MH1959GOI011388,16,1,2010_11,NA
477,INDIAN OIL CORPN. LTD.,L23201MH1959GOI011388,16,1,2011_12,0.89
478,INDIAN OIL CORPN. LTD.,L23201MH1959GOI011388,16,1,2012_13,0.87
479,INDIAN OIL CORPN. LTD.,L23201MH1959GOI011388,16,1,2013_14,1.29
480,INDIAN OIL CORPN. LTD.,L23201MH1959GOI011388,16,1,2014_15,2.01
481,INDIAN OIL CORPN. LTD.,L23201MH1959GOI011388,16,1,2015_16,2.21
482,INDIAN OIL CORPN. LTD.,L23201MH1959GOI011388,16,1,2016_17,0.02
483,INDIAN OIL CORPN. LTD.,L23201MH1959GOI011388,16,1,2017_18,2.02
484,INDIAN OIL CORPN. LTD.,L23201MH1959GOI011388,16,1,2018_19,2
485,INDUS TOWERS LTD.,U92100HR2007PLC073822,51,0,2008_09,NA
486,INDUS TOWERS LTD.,U92100HR2007PLC073822,51,0,2009_10,NA
487,INDUS TOWERS LTD.,U92100HR2007PLC073822,51,0,2010_11,NA
488,INDUS TOWERS LTD.,U92100HR2007PLC073822,51,0,2011_12,NA
489,INDUS TOWERS LTD.,U92100HR2007PLC073822,51,0,2012_13,NA
490,INDUS TOWERS LTD.,U92100HR2007PLC073822,51,0,2013_14,NA
491,INDUS TOWERS LTD.,U92100HR2007PLC073822,51,0,2014_15,1.96
492,INDUS TOWERS LTD.,U92100HR2007PLC073822,51,0,2015_16,2
493,INDUS TOWERS LTD.,U92100HR2007PLC073822,51,0,2016_17,1.29
494,INDUS TOWERS LTD.,U92100HR2007PLC073822,51,0,2017_18,1.08
495,INDUS TOWERS LTD.,U92100HR2007PLC073822,51,0,2018_19,9.48
496,INDUSIND BANK LTD.,L65191PN1994PLC076333,66,0,2007_08,NA
497,INDUSIND BANK LTD.,L65191PN1994PLC076333,66,0,2008_09,NA
498,INDUSIND BANK LTD.,L65191PN1994PLC076333,66,0,2009_10,NA
499,INDUSIND BANK LTD.,L65191PN1994PLC076333,66,0,2010_11,NA
500,INDUSIND BANK LTD.,L65191PN1994PLC076333,66,0,2011_12,NA
501,INDUSIND BANK LTD.,L65191PN1994PLC076333,66,0,2012_13,NA
502,INDUSIND BANK LTD.,L65191PN1994PLC076333,66,0,2013_14,NA
503,INDUSIND BANK LTD.,L65191PN1994PLC076333,66,0,2014_15,1.07
504,INDUSIND BANK LTD.,L65191PN1994PLC076333,66,0,2015_16,1.28
505,INDUSIND BANK LTD.,L65191PN1994PLC076333,66,0,2016_17,1.22
506,INDUSIND BANK LTD.,L65191PN1994PLC076333,66,0,2017_18,0.58
507,INDUSIND BANK LTD.,L65191PN1994PLC076333,66,0,2018_19,1.25
508,INFOSYS LTD.,L85110KA1981PLC013115,5,0,2007_08,NA
509,INFOSYS LTD.,L85110KA1981PLC013115,5,0,2008_09,NA
510,INFOSYS LTD.,L85110KA1981PLC013115,5,0,2009_10,NA
511,INFOSYS LTD.,L85110KA1981PLC013115,5,0,2010_11,NA
512,INFOSYS LTD.,L85110KA1981PLC013115,5,0,2011_12,NA
513,INFOSYS LTD.,L85110KA1981PLC013115,5,0,2012_13,NA
514,INFOSYS LTD.,L85110KA1981PLC013115,5,0,2013_14,NA
515,INFOSYS LTD.,L85110KA1981PLC013115,5,0,2014_15,1.97
516,INFOSYS LTD.,L85110KA1981PLC013115,5,0,2015_16,1.58
517,INFOSYS LTD.,L85110KA1981PLC013115,5,0,2016_17,2.01
518,INFOSYS LTD.,L85110KA1981PLC013115,5,0,2017_18,2.02
519,INFOSYS LTD.,L85110KA1981PLC013115,5,0,2018_19,2.01
520,J S W ENERGY LTD.,L74999MH1994PLC077041,100,0,2007_08,NA
521,J S W ENERGY LTD.,L74999MH1994PLC077041,100,0,2008_09,NA
522,J S W ENERGY LTD.,L74999MH1994PLC077041,100,0,2009_10,NA
523,J S W ENERGY LTD.,L74999MH1994PLC077041,100,0,2010_11,NA
524,J S W ENERGY LTD.,L74999MH1994PLC077041,100,0,2011_12,NA
525,J S W ENERGY LTD.,L74999MH1994PLC077041,100,0,2012_13,0.47
526,J S W ENERGY LTD.,L74999MH1994PLC077041,100,0,2013_14,0.72
527,J S W ENERGY LTD.,L74999MH1994PLC077041,100,0,2014_15,NA
528,J S W ENERGY LTD.,L74999MH1994PLC077041,100,0,2015_16,2
529,J S W ENERGY LTD.,L74999MH1994PLC077041,100,0,2016_17,1.96
530,J S W ENERGY LTD.,L74999MH1994PLC077041,100,0,2017_18,2
531,J S W ENERGY LTD.,L74999MH1994PLC077041,100,0,2018_19,2
532,J S W STEEL LTD.,L27102MH1994PLC152925,42,0,2007_08,NA
533,J S W STEEL LTD.,L27102MH1994PLC152925,42,0,2008_09,NA
534,J S W STEEL LTD.,L27102MH1994PLC152925,42,0,2009_10,NA
535,J S W STEEL LTD.,L27102MH1994PLC152925,42,0,2010_11,NA
536,J S W STEEL LTD.,L27102MH1994PLC152925,42,0,2011_12,1.53
537,J S W STEEL LTD.,L27102MH1994PLC152925,42,0,2012_13,1.21
538,J S W STEEL LTD.,L27102MH1994PLC152925,42,0,2013_14,1.1
539,J S W STEEL LTD.,L27102MH1994PLC152925,42,0,2014_15,2.02
540,J S W STEEL LTD.,L27102MH1994PLC152925,42,0,2015_16,2.01
541,J S W STEEL LTD.,L27102MH1994PLC152925,42,0,2016_17,2.34
542,J S W STEEL LTD.,L27102MH1994PLC152925,42,0,2017_18,3.03
543,J S W STEEL LTD.,L27102MH1994PLC152925,42,0,2018_19,2.01
544,JAI CORP LTD.,L17120MH1985PLC036500,38,0,2007_08,NA
545,JAI CORP LTD.,L17120MH1985PLC036500,38,0,2008_09,NA
546,JAI CORP LTD.,L17120MH1985PLC036500,38,0,2009_10,NA
547,JAI CORP LTD.,L17120MH1985PLC036500,38,0,2010_11,NA
548,JAI CORP LTD.,L17120MH1985PLC036500,38,0,2011_12,NA
549,JAI CORP LTD.,L17120MH1985PLC036500,38,0,2012_13,NA
550,JAI CORP LTD.,L17120MH1985PLC036500,38,0,2013_14,NA
551,JAI CORP LTD.,L17120MH1985PLC036500,38,0,2014_15,0.43
552,JAI CORP LTD.,L17120MH1985PLC036500,38,0,2015_16,1.83
553,JAI CORP LTD.,L17120MH1985PLC036500,38,0,2016_17,2.23
554,JAI CORP LTD.,L17120MH1985PLC036500,38,0,2017_18,2.09
555,JAI CORP LTD.,L17120MH1985PLC036500,38,0,2018_19,2.04
556,JINDAL STEEL & POWER LTD.,L27105HR1979PLC009913,62,0,2007_08,NA
557,JINDAL STEEL & POWER LTD.,L27105HR1979PLC009913,62,0,2008_09,NA
558,JINDAL STEEL & POWER LTD.,L27105HR1979PLC009913,62,0,2009_10,NA
559,JINDAL STEEL & POWER LTD.,L27105HR1979PLC009913,62,0,2010_11,NA
560,JINDAL STEEL & POWER LTD.,L27105HR1979PLC009913,62,0,2011_12,NA
561,JINDAL STEEL & POWER LTD.,L27105HR1979PLC009913,62,0,2012_13,1
562,JINDAL STEEL & POWER LTD.,L27105HR1979PLC009913,62,0,2013_14,2
563,JINDAL STEEL & POWER LTD.,L27105HR1979PLC009913,62,0,2014_15,NA
564,JINDAL STEEL & POWER LTD.,L27105HR1979PLC009913,62,0,2015_16,2.19
565,JINDAL STEEL & POWER LTD.,L27105HR1979PLC009913,62,0,2016_17,-1.4
566,JINDAL STEEL & POWER LTD.,L27105HR1979PLC009913,62,0,2017_18,NA
567,JINDAL STEEL & POWER LTD.,L27105HR1979PLC009913,62,0,2018_19,NA
568,KOTAK MAHINDRA BANK LTD.,L65110MH1985PLC038137,89,0,2007_08,NA
569,KOTAK MAHINDRA BANK LTD.,L65110MH1985PLC038137,89,0,2008_09,NA
570,KOTAK MAHINDRA BANK LTD.,L65110MH1985PLC038137,89,0,2009_10,NA
571,KOTAK MAHINDRA BANK LTD.,L65110MH1985PLC038137,89,0,2010_11,NA
572,KOTAK MAHINDRA BANK LTD.,L65110MH1985PLC038137,89,0,2011_12,NA
573,KOTAK MAHINDRA BANK LTD.,L65110MH1985PLC038137,89,0,2012_13,0.34
574,KOTAK MAHINDRA BANK LTD.,L65110MH1985PLC038137,89,0,2013_14,0.23
575,KOTAK MAHINDRA BANK LTD.,L65110MH1985PLC038137,89,0,2014_15,0.61
576,KOTAK MAHINDRA BANK LTD.,L65110MH1985PLC038137,89,0,2015_16,0.69
577,KOTAK MAHINDRA BANK LTD.,L65110MH1985PLC038137,89,0,2016_17,0.63
578,KOTAK MAHINDRA BANK LTD.,L65110MH1985PLC038137,89,0,2017_18,0.71
579,KOTAK MAHINDRA BANK LTD.,L65110MH1985PLC038137,89,0,2018_19,0.76
580,LARSEN & TOUBRO LTD.,L99999MH1946PLC004768,21,0,2007_08,NA
581,LARSEN & TOUBRO LTD.,L99999MH1946PLC004768,21,0,2008_09,NA
582,LARSEN & TOUBRO LTD.,L99999MH1946PLC004768,21,0,2009_10,NA
583,LARSEN & TOUBRO LTD.,L99999MH1946PLC004768,21,0,2010_11,NA
584,LARSEN & TOUBRO LTD.,L99999MH1946PLC004768,21,0,2011_12,NA
585,LARSEN & TOUBRO LTD.,L99999MH1946PLC004768,21,0,2012_13,1.22
586,LARSEN & TOUBRO LTD.,L99999MH1946PLC004768,21,0,2013_14,1.22
587,LARSEN & TOUBRO LTD.,L99999MH1946PLC004768,21,0,2014_15,1.44
588,LARSEN & TOUBRO LTD.,L99999MH1946PLC004768,21,0,2015_16,2.36
589,LARSEN & TOUBRO LTD.,L99999MH1946PLC004768,21,0,2016_17,2.04
590,LARSEN & TOUBRO LTD.,L99999MH1946PLC004768,21,0,2017_18,2.01
591,LARSEN & TOUBRO LTD.,L99999MH1946PLC004768,21,0,2018_19,2
592,LUPIN LTD.,L24100MH1983PLC029442,84,0,2007_08,NA
593,LUPIN LTD.,L24100MH1983PLC029442,84,0,2008_09,NA
594,LUPIN LTD.,L24100MH1983PLC029442,84,0,2009_10,NA
595,LUPIN LTD.,L24100MH1983PLC029442,84,0,2010_11,NA
596,LUPIN LTD.,L24100MH1983PLC029442,84,0,2011_12,NA
597,LUPIN LTD.,L24100MH1983PLC029442,84,0,2012_13,NA
598,LUPIN LTD.,L24100MH1983PLC029442,84,0,2013_14,NA
599,LUPIN LTD.,L24100MH1983PLC029442,84,0,2014_15,0.63
600,LUPIN LTD.,L24100MH1983PLC029442,84,0,2015_16,0.76
601,LUPIN LTD.,L24100MH1983PLC029442,84,0,2016_17,0.59
602,LUPIN LTD.,L24100MH1983PLC029442,84,0,2017_18,0.58
603,LUPIN LTD.,L24100MH1983PLC029442,84,0,2018_19,1.16
604,M M FORGINGS LTD.,L51102TN1946PLC001473,64,0,2007_08,NA
605,M M FORGINGS LTD.,L51102TN1946PLC001473,64,0,2008_09,NA
606,M M FORGINGS LTD.,L51102TN1946PLC001473,64,0,2009_10,NA
607,M M FORGINGS LTD.,L51102TN1946PLC001473,64,0,2010_11,NA
608,M M FORGINGS LTD.,L51102TN1946PLC001473,64,0,2011_12,NA
609,M M FORGINGS LTD.,L51102TN1946PLC001473,64,0,2012_13,NA
610,M M FORGINGS LTD.,L51102TN1946PLC001473,64,0,2013_14,NA
611,M M FORGINGS LTD.,L51102TN1946PLC001473,64,0,2014_15,NA
612,M M FORGINGS LTD.,L51102TN1946PLC001473,64,0,2015_16,220.31
613,M M FORGINGS LTD.,L51102TN1946PLC001473,64,0,2016_17,2.01
614,M M FORGINGS LTD.,L51102TN1946PLC001473,64,0,2017_18,2.04
615,M M FORGINGS LTD.,L51102TN1946PLC001473,64,0,2018_19,2.01
616,MAHANADI COALFIELDS LTD.,U10102OR1992GOI003038,24,1,2007_08,NA
617,MAHANADI COALFIELDS LTD.,U10102OR1992GOI003038,24,1,2008_09,NA
618,MAHANADI COALFIELDS LTD.,U10102OR1992GOI003038,24,1,2009_10,NA
619,MAHANADI COALFIELDS LTD.,U10102OR1992GOI003038,24,1,2010_11,NA
620,MAHANADI COALFIELDS LTD.,U10102OR1992GOI003038,24,1,2011_12,0.89
621,MAHANADI COALFIELDS LTD.,U10102OR1992GOI003038,24,1,2012_13,0.62
622,MAHANADI COALFIELDS LTD.,U10102OR1992GOI003038,24,1,2013_14,2.13
623,MAHANADI COALFIELDS LTD.,U10102OR1992GOI003038,24,1,2014_15,NA
624,MAHANADI COALFIELDS LTD.,U10102OR1992GOI003038,24,1,2015_16,3.27
625,MAHANADI COALFIELDS LTD.,U10102OR1992GOI003038,24,1,2016_17,2.94
626,MAHANADI COALFIELDS LTD.,U10102OR1992GOI003038,24,1,2017_18,4.36
627,MAHANADI COALFIELDS LTD.,U10102OR1992GOI003038,24,1,2018_19,2.45
628,MAHINDRA & MAHINDRA FINANCIAL SERVICES LTD.,L65921MH1991PLC059642,58,0,2007_08,NA
629,MAHINDRA & MAHINDRA FINANCIAL SERVICES LTD.,L65921MH1991PLC059642,58,0,2008_09,NA
630,MAHINDRA & MAHINDRA FINANCIAL SERVICES LTD.,L65921MH1991PLC059642,58,0,2009_10,NA
631,MAHINDRA & MAHINDRA FINANCIAL SERVICES LTD.,L65921MH1991PLC059642,58,0,2010_11,NA
632,MAHINDRA & MAHINDRA FINANCIAL SERVICES LTD.,L65921MH1991PLC059642,58,0,2011_12,0.89
633,MAHINDRA & MAHINDRA FINANCIAL SERVICES LTD.,L65921MH1991PLC059642,58,0,2012_13,0.8
634,MAHINDRA & MAHINDRA FINANCIAL SERVICES LTD.,L65921MH1991PLC059642,58,0,2013_14,0.75
635,MAHINDRA & MAHINDRA FINANCIAL SERVICES LTD.,L65921MH1991PLC059642,58,0,2014_15,2
636,MAHINDRA & MAHINDRA FINANCIAL SERVICES LTD.,L65921MH1991PLC059642,58,0,2015_16,2
637,MAHINDRA & MAHINDRA FINANCIAL SERVICES LTD.,L65921MH1991PLC059642,58,0,2016_17,2
638,MAHINDRA & MAHINDRA FINANCIAL SERVICES LTD.,L65921MH1991PLC059642,58,0,2017_18,2.01
639,MAHINDRA & MAHINDRA FINANCIAL SERVICES LTD.,L65921MH1991PLC059642,58,0,2018_19,2
640,MAHINDRA & MAHINDRA LTD.,L65990MH1945PLC004558,27,0,2007_08,NA
641,MAHINDRA & MAHINDRA LTD.,L65990MH1945PLC004558,27,0,2008_09,NA
642,MAHINDRA & MAHINDRA LTD.,L65990MH1945PLC004558,27,0,2009_10,NA
643,MAHINDRA & MAHINDRA LTD.,L65990MH1945PLC004558,27,0,2010_11,NA
644,MAHINDRA & MAHINDRA LTD.,L65990MH1945PLC004558,27,0,2011_12,2.92
645,MAHINDRA & MAHINDRA LTD.,L65990MH1945PLC004558,27,0,2012_13,2.68
646,MAHINDRA & MAHINDRA LTD.,L65990MH1945PLC004558,27,0,2013_14,3.14
647,MAHINDRA & MAHINDRA LTD.,L65990MH1945PLC004558,27,0,2014_15,2
648,MAHINDRA & MAHINDRA LTD.,L65990MH1945PLC004558,27,0,2015_16,2
649,MAHINDRA & MAHINDRA LTD.,L65990MH1945PLC004558,27,0,2016_17,2.01
650,MAHINDRA & MAHINDRA LTD.,L65990MH1945PLC004558,27,0,2017_18,2.02
651,MAHINDRA & MAHINDRA LTD.,L65990MH1945PLC004558,27,0,2018_19,2
652,MARUTI SUZUKI INDIA LTD.,L34103DL1981PLC011375,28,0,2007_08,NA
653,MARUTI SUZUKI INDIA LTD.,L34103DL1981PLC011375,28,0,2008_09,NA
654,MARUTI SUZUKI INDIA LTD.,L34103DL1981PLC011375,28,0,2009_10,NA
655,MARUTI SUZUKI INDIA LTD.,L34103DL1981PLC011375,28,0,2010_11,NA
656,MARUTI SUZUKI INDIA LTD.,L34103DL1981PLC011375,28,0,2011_12,0.43
657,MARUTI SUZUKI INDIA LTD.,L34103DL1981PLC011375,28,0,2012_13,0.64
658,MARUTI SUZUKI INDIA LTD.,L34103DL1981PLC011375,28,0,2013_14,0.85
659,MARUTI SUZUKI INDIA LTD.,L34103DL1981PLC011375,28,0,2014_15,1.49
660,MARUTI SUZUKI INDIA LTD.,L34103DL1981PLC011375,28,0,2015_16,2.4
661,MARUTI SUZUKI INDIA LTD.,L34103DL1981PLC011375,28,0,2016_17,2
662,MARUTI SUZUKI INDIA LTD.,L34103DL1981PLC011375,28,0,2017_18,2.07
663,MARUTI SUZUKI INDIA LTD.,L34103DL1981PLC011375,28,0,2018_19,2.01
664,N H P C LTD.,L40101HR1975GOI032564,40,1,2007_08,NA
665,N H P C LTD.,L40101HR1975GOI032564,40,1,2008_09,NA
666,N H P C LTD.,L40101HR1975GOI032564,40,1,2009_10,NA
667,N H P C LTD.,L40101HR1975GOI032564,40,1,2010_11,NA
668,N H P C LTD.,L40101HR1975GOI032564,40,1,2011_12,0.27
669,N H P C LTD.,L40101HR1975GOI032564,40,1,2012_13,0.56
670,N H P C LTD.,L40101HR1975GOI032564,40,1,2013_14,1
671,N H P C LTD.,L40101HR1975GOI032564,40,1,2014_15,NA
672,N H P C LTD.,L40101HR1975GOI032564,40,1,2015_16,3.36
673,N H P C LTD.,L40101HR1975GOI032564,40,1,2016_17,3.43
674,N H P C LTD.,L40101HR1975GOI032564,40,1,2017_18,1.3
675,N H P C LTD.,L40101HR1975GOI032564,40,1,2018_19,0.59
676,N L C INDIA LTD.,L93090TN1956GOI003507,44,1,2007_08,NA
677,N L C INDIA LTD.,L93090TN1956GOI003507,44,1,2008_09,NA
678,N L C INDIA LTD.,L93090TN1956GOI003507,44,1,2009_10,NA
679,N L C INDIA LTD.,L93090TN1956GOI003507,44,1,2010_11,NA
680,N L C INDIA LTD.,L93090TN1956GOI003507,44,1,2011_12,0.79
681,N L C INDIA LTD.,L93090TN1956GOI003507,44,1,2012_13,0.82
682,N L C INDIA LTD.,L93090TN1956GOI003507,44,1,2013_14,1.36
683,N L C INDIA LTD.,L93090TN1956GOI003507,44,1,2014_15,NA
684,N L C INDIA LTD.,L93090TN1956GOI003507,44,1,2015_16,3.7
685,N L C INDIA LTD.,L93090TN1956GOI003507,44,1,2016_17,1.71
686,N L C INDIA LTD.,L93090TN1956GOI003507,44,1,2017_18,2.34
687,N L C INDIA LTD.,L93090TN1956GOI003507,44,1,2018_19,2
688,N M D C LTD.,L13100AP1958GOI001674,9,1,2011_12,NA
689,N M D C LTD.,L13100AP1958GOI001674,9,1,2012_13,NA
690,N M D C LTD.,L13100AP1958GOI001674,9,1,2013_14,NA
691,N T P C LTD.,L40101DL1975GOI007966,4,1,2007_08,NA
692,N T P C LTD.,L40101DL1975GOI007966,4,1,2008_09,NA
693,N T P C LTD.,L40101DL1975GOI007966,4,1,2009_10,NA
694,N T P C LTD.,L40101DL1975GOI007966,4,1,2010_11,NA
695,N T P C LTD.,L40101DL1975GOI007966,4,1,2011_12,0.44
696,N T P C LTD.,L40101DL1975GOI007966,4,1,2012_13,0.58
697,N T P C LTD.,L40101DL1975GOI007966,4,1,2013_14,0.94
698,N T P C LTD.,L40101DL1975GOI007966,4,1,2014_15,1.45
699,N T P C LTD.,L40101DL1975GOI007966,4,1,2015_16,3.62
700,N T P C LTD.,L40101DL1975GOI007966,4,1,2016_17,2.44
701,N T P C LTD.,L40101DL1975GOI007966,4,1,2017_18,2.19
702,N T P C LTD.,L40101DL1975GOI007966,4,1,2018_19,2.41
703,NATIONAL ALUMINIUM CO. LTD.,L27203OR1981GOI000920,56,1,2007_08,NA
704,NATIONAL ALUMINIUM CO. LTD.,L27203OR1981GOI000920,56,1,2008_09,NA
705,NATIONAL ALUMINIUM CO. LTD.,L27203OR1981GOI000920,56,1,2009_10,NA
706,NATIONAL ALUMINIUM CO. LTD.,L27203OR1981GOI000920,56,1,2010_11,NA
707,NATIONAL ALUMINIUM CO. LTD.,L27203OR1981GOI000920,56,1,2011_12,1.39
708,NATIONAL ALUMINIUM CO. LTD.,L27203OR1981GOI000920,56,1,2012_13,2.39
709,NATIONAL ALUMINIUM CO. LTD.,L27203OR1981GOI000920,56,1,2013_14,2.39
710,NATIONAL ALUMINIUM CO. LTD.,L27203OR1981GOI000920,56,1,2014_15,NA
711,NATIONAL ALUMINIUM CO. LTD.,L27203OR1981GOI000920,56,1,2015_16,2.07
712,NATIONAL ALUMINIUM CO. LTD.,L27203OR1981GOI000920,56,1,2016_17,2.18
713,NATIONAL ALUMINIUM CO. LTD.,L27203OR1981GOI000920,56,1,2017_18,2.08
714,NATIONAL ALUMINIUM CO. LTD.,L27203OR1981GOI000920,56,1,2018_19,2.22
715,NORTHERN COALFIELDS LTD.,U10102MP1985GOI003160,57,1,2007_08,NA
716,NORTHERN COALFIELDS LTD.,U10102MP1985GOI003160,57,1,2009_10,NA
717,NORTHERN COALFIELDS LTD.,U10102MP1985GOI003160,57,1,2010_11,NA
718,NORTHERN COALFIELDS LTD.,U10102MP1985GOI003160,57,1,2011_12,NA
719,NORTHERN COALFIELDS LTD.,U10102MP1985GOI003160,57,1,2012_13,0.44
720,NORTHERN COALFIELDS LTD.,U10102MP1985GOI003160,57,1,2013_14,0.94
721,NORTHERN COALFIELDS LTD.,U10102MP1985GOI003160,57,1,2014_15,NA
722,NORTHERN COALFIELDS LTD.,U10102MP1985GOI003160,57,1,2015_16,NA
723,NORTHERN COALFIELDS LTD.,U10102MP1985GOI003160,57,1,2016_17,2.08
724,NORTHERN COALFIELDS LTD.,U10102MP1985GOI003160,57,1,2017_18,1.01
725,NORTHERN COALFIELDS LTD.,U10102MP1985GOI003160,57,1,2018_19,1.95
726,NUCLEAR POWER CORPN. OF INDIA LTD.,U40104MH1987GOI149458,45,1,2007_08,NA
727,NUCLEAR POWER CORPN. OF INDIA LTD.,U40104MH1987GOI149458,45,1,2008_09,NA
728,NUCLEAR POWER CORPN. OF INDIA LTD.,U40104MH1987GOI149458,45,1,2009_10,NA
729,NUCLEAR POWER CORPN. OF INDIA LTD.,U40104MH1987GOI149458,45,1,2010_11,NA
730,NUCLEAR POWER CORPN. OF INDIA LTD.,U40104MH1987GOI149458,45,1,2011_12,2.64
731,NUCLEAR POWER CORPN. OF INDIA LTD.,U40104MH1987GOI149458,45,1,2012_13,1.41
732,NUCLEAR POWER CORPN. OF INDIA LTD.,U40104MH1987GOI149458,45,1,2013_14,0.67
733,NUCLEAR POWER CORPN. OF INDIA LTD.,U40104MH1987GOI149458,45,1,2014_15,0.23
734,NUCLEAR POWER CORPN. OF INDIA LTD.,U40104MH1987GOI149458,45,1,2015_16,0.84
735,NUCLEAR POWER CORPN. OF INDIA LTD.,U40104MH1987GOI149458,45,1,2016_17,2.36
736,NUCLEAR POWER CORPN. OF INDIA LTD.,U40104MH1987GOI149458,45,1,2017_18,2.02
737,NUCLEAR POWER CORPN. OF INDIA LTD.,U40104MH1987GOI149458,45,1,2018_19,2.05
738,NUMALIGARH REFINERY LTD.,U11202AS1993GOI003893,77,1,2007_08,NA
739,NUMALIGARH REFINERY LTD.,U11202AS1993GOI003893,77,1,2008_09,NA
740,NUMALIGARH REFINERY LTD.,U11202AS1993GOI003893,77,1,2009_10,NA
741,NUMALIGARH REFINERY LTD.,U11202AS1993GOI003893,77,1,2010_11,NA
742,NUMALIGARH REFINERY LTD.,U11202AS1993GOI003893,77,1,2011_12,1.6
743,NUMALIGARH REFINERY LTD.,U11202AS1993GOI003893,77,1,2012_13,1.56
744,NUMALIGARH REFINERY LTD.,U11202AS1993GOI003893,77,1,2013_14,1.63
745,NUMALIGARH REFINERY LTD.,U11202AS1993GOI003893,77,1,2014_15,NA
746,NUMALIGARH REFINERY LTD.,U11202AS1993GOI003893,77,1,2015_16,NA
747,NUMALIGARH REFINERY LTD.,U11202AS1993GOI003893,77,1,2016_17,NA
748,NUMALIGARH REFINERY LTD.,U11202AS1993GOI003893,77,1,2017_18,NA
749,NUMALIGARH REFINERY LTD.,U11202AS1993GOI003893,77,1,2018_19,2.02
750,ODISHA MINING CORPN. LTD.,U13100OR1956SGC000313,88,1,2007_08,NA
751,ODISHA MINING CORPN. LTD.,U13100OR1956SGC000313,88,1,2008_09,NA
752,ODISHA MINING CORPN. LTD.,U13100OR1956SGC000313,88,1,2009_10,NA
753,ODISHA MINING CORPN. LTD.,U13100OR1956SGC000313,88,1,2010_11,NA
754,ODISHA MINING CORPN. LTD.,U13100OR1956SGC000313,88,1,2011_12,0.19
755,ODISHA MINING CORPN. LTD.,U13100OR1956SGC000313,88,1,2012_13,0.42
756,ODISHA MINING CORPN. LTD.,U13100OR1956SGC000313,88,1,2013_14,0.55
757,ODISHA MINING CORPN. LTD.,U13100OR1956SGC000313,88,1,2014_15,NA
758,ODISHA MINING CORPN. LTD.,U13100OR1956SGC000313,88,1,2015_16,3.09
759,ODISHA MINING CORPN. LTD.,U13100OR1956SGC000313,88,1,2016_17,2.23
760,ODISHA MINING CORPN. LTD.,U13100OR1956SGC000313,88,1,2017_18,2.32
761,ODISHA MINING CORPN. LTD.,U13100OR1956SGC000313,88,1,2018_19,2.08
762,OIL & NATURAL GAS CORPN. LTD.,L74899DL1993GOI054155,2,1,2007_08,NA
763,OIL & NATURAL GAS CORPN. LTD.,L74899DL1993GOI054155,2,1,2008_09,NA
764,OIL & NATURAL GAS CORPN. LTD.,L74899DL1993GOI054155,2,1,2009_10,NA
765,OIL & NATURAL GAS CORPN. LTD.,L74899DL1993GOI054155,2,1,2010_11,NA
766,OIL & NATURAL GAS CORPN. LTD.,L74899DL1993GOI054155,2,1,2011_12,0.47
767,OIL & NATURAL GAS CORPN. LTD.,L74899DL1993GOI054155,2,1,2012_13,0.42
768,OIL & NATURAL GAS CORPN. LTD.,L74899DL1993GOI054155,2,1,2013_14,1.06
769,OIL & NATURAL GAS CORPN. LTD.,L74899DL1993GOI054155,2,1,2014_15,1.5
770,OIL & NATURAL GAS CORPN. LTD.,L74899DL1993GOI054155,2,1,2015_16,1.42
771,OIL & NATURAL GAS CORPN. LTD.,L74899DL1993GOI054155,2,1,2016_17,1.96
772,OIL & NATURAL GAS CORPN. LTD.,L74899DL1993GOI054155,2,1,2017_18,20.67
773,OIL & NATURAL GAS CORPN. LTD.,L74899DL1993GOI054155,2,1,2018_19,2.56
774,OIL INDIA LTD.,L11101AS1959GOI001148,18,1,2007_08,NA
775,OIL INDIA LTD.,L11101AS1959GOI001148,18,1,2008_09,NA
776,OIL INDIA LTD.,L11101AS1959GOI001148,18,1,2009_10,NA
777,OIL INDIA LTD.,L11101AS1959GOI001148,18,1,2010_11,NA
778,OIL INDIA LTD.,L11101AS1959GOI001148,18,1,2011_12,NA
779,OIL INDIA LTD.,L11101AS1959GOI001148,18,1,2012_13,0.33
780,OIL INDIA LTD.,L11101AS1959GOI001148,18,1,2013_14,1.49
781,OIL INDIA LTD.,L11101AS1959GOI001148,18,1,2014_15,2.72
782,OIL INDIA LTD.,L11101AS1959GOI001148,18,1,2015_16,2.09
783,OIL INDIA LTD.,L11101AS1959GOI001148,18,1,2016_17,2.86
784,OIL INDIA LTD.,L11101AS1959GOI001148,18,1,2017_18,3.26
785,OIL INDIA LTD.,L11101AS1959GOI001148,18,1,2018_19,4.75
786,ORACLE FINANCIAL SERVICES SOFTWARE LTD.,L72200MH1989PLC053666,73,0,2007_08,NA
787,ORACLE FINANCIAL SERVICES SOFTWARE LTD.,L72200MH1989PLC053666,73,0,2008_09,NA
788,ORACLE FINANCIAL SERVICES SOFTWARE LTD.,L72200MH1989PLC053666,73,0,2009_10,NA
789,ORACLE FINANCIAL SERVICES SOFTWARE LTD.,L72200MH1989PLC053666,73,0,2010_11,NA
790,ORACLE FINANCIAL SERVICES SOFTWARE LTD.,L72200MH1989PLC053666,73,0,2011_12,NA
791,ORACLE FINANCIAL SERVICES SOFTWARE LTD.,L72200MH1989PLC053666,73,0,2012_13,NA
792,ORACLE FINANCIAL SERVICES SOFTWARE LTD.,L72200MH1989PLC053666,73,0,2013_14,NA
793,ORACLE FINANCIAL SERVICES SOFTWARE LTD.,L72200MH1989PLC053666,73,0,2014_15,0.72
794,ORACLE FINANCIAL SERVICES SOFTWARE LTD.,L72200MH1989PLC053666,73,0,2015_16,1.49
795,ORACLE FINANCIAL SERVICES SOFTWARE LTD.,L72200MH1989PLC053666,73,0,2016_17,2.01
796,ORACLE FINANCIAL SERVICES SOFTWARE LTD.,L72200MH1989PLC053666,73,0,2017_18,2
797,ORACLE FINANCIAL SERVICES SOFTWARE LTD.,L72200MH1989PLC053666,73,0,2018_19,2
798,PEE VEE TEXTILES LTD.,U17110MH1986PLC039177,91,0,2010_11,NA
799,PEE VEE TEXTILES LTD.,U17110MH1986PLC039177,91,0,2011_12,NA
800,PEE VEE TEXTILES LTD.,U17110MH1986PLC039177,91,0,2012_13,NA
801,PEE VEE TEXTILES LTD.,U17110MH1986PLC039177,91,0,2013_14,NA
802,PEE VEE TEXTILES LTD.,U17110MH1986PLC039177,91,0,2014_15,NA
803,PEE VEE TEXTILES LTD.,U17110MH1986PLC039177,91,0,2015_16,NA
804,PEE VEE TEXTILES LTD.,U17110MH1986PLC039177,91,0,2016_17,0.77
805,PEE VEE TEXTILES LTD.,U17110MH1986PLC039177,91,0,2017_18,2.01
806,PIDILITE INDUSTRIES LTD.,L24100MH1969PLC014336,99,0,2007_08,NA
807,PIDILITE INDUSTRIES LTD.,L24100MH1969PLC014336,99,0,2008_09,NA
808,PIDILITE INDUSTRIES LTD.,L24100MH1969PLC014336,99,0,2009_10,NA
809,PIDILITE INDUSTRIES LTD.,L24100MH1969PLC014336,99,0,2010_11,NA
810,PIDILITE INDUSTRIES LTD.,L24100MH1969PLC014336,99,0,2011_12,NA
811,PIDILITE INDUSTRIES LTD.,L24100MH1969PLC014336,99,0,2012_13,NA
812,PIDILITE INDUSTRIES LTD.,L24100MH1969PLC014336,99,0,2013_14,NA
813,PIDILITE INDUSTRIES LTD.,L24100MH1969PLC014336,99,0,2014_15,2.02
814,PIDILITE INDUSTRIES LTD.,L24100MH1969PLC014336,99,0,2015_16,2.04
815,PIDILITE INDUSTRIES LTD.,L24100MH1969PLC014336,99,0,2016_17,2.42
816,PIDILITE INDUSTRIES LTD.,L24100MH1969PLC014336,99,0,2017_18,2.12
817,PIDILITE INDUSTRIES LTD.,L24100MH1969PLC014336,99,0,2018_19,20
818,PIRAMAL ENTERPRISES LTD.,L24110MH1947PLC005719,61,0,2007_08,NA
819,PIRAMAL ENTERPRISES LTD.,L24110MH1947PLC005719,61,0,2008_09,NA
820,PIRAMAL ENTERPRISES LTD.,L24110MH1947PLC005719,61,0,2009_10,NA
821,PIRAMAL ENTERPRISES LTD.,L24110MH1947PLC005719,61,0,2010_11,NA
822,PIRAMAL ENTERPRISES LTD.,L24110MH1947PLC005719,61,0,2011_12,NA
823,PIRAMAL ENTERPRISES LTD.,L24110MH1947PLC005719,61,0,2012_13,NA
824,PIRAMAL ENTERPRISES LTD.,L24110MH1947PLC005719,61,0,2013_14,NA
825,PIRAMAL ENTERPRISES LTD.,L24110MH1947PLC005719,61,0,2014_15,-49.85
826,PIRAMAL ENTERPRISES LTD.,L24110MH1947PLC005719,61,0,2015_16,-671.69
827,PIRAMAL ENTERPRISES LTD.,L24110MH1947PLC005719,61,0,2016_17,5.9
828,PIRAMAL ENTERPRISES LTD.,L24110MH1947PLC005719,61,0,2017_18,4.03
829,PIRAMAL ENTERPRISES LTD.,L24110MH1947PLC005719,61,0,2018_19,3.84
830,POWER FINANCE CORPN. LTD.,L65910DL1986GOI024862,26,1,2007_08,NA
831,POWER FINANCE CORPN. LTD.,L65910DL1986GOI024862,26,1,2008_09,NA
832,POWER FINANCE CORPN. LTD.,L65910DL1986GOI024862,26,1,2009_10,NA
833,POWER FINANCE CORPN. LTD.,L65910DL1986GOI024862,26,1,2010_11,NA
834,POWER FINANCE CORPN. LTD.,L65910DL1986GOI024862,26,1,2011_12,0.63
835,POWER FINANCE CORPN. LTD.,L65910DL1986GOI024862,26,1,2012_13,0.54
836,POWER FINANCE CORPN. LTD.,L65910DL1986GOI024862,26,1,2013_14,NA
837,POWER FINANCE CORPN. LTD.,L65910DL1986GOI024862,26,1,2014_15,0.88
838,POWER FINANCE CORPN. LTD.,L65910DL1986GOI024862,26,1,2015_16,2.68
839,POWER FINANCE CORPN. LTD.,L65910DL1986GOI024862,26,1,2016_17,2.02
840,POWER FINANCE CORPN. LTD.,L65910DL1986GOI024862,26,1,2017_18,1.58
841,POWER FINANCE CORPN. LTD.,L65910DL1986GOI024862,26,1,2018_19,1.36
842,POWER GRID CORPN. OF INDIA LTD.,L40101DL1989GOI038121,15,1,2007_08,NA
843,POWER GRID CORPN. OF INDIA LTD.,L40101DL1989GOI038121,15,1,2008_09,NA
844,POWER GRID CORPN. OF INDIA LTD.,L40101DL1989GOI038121,15,1,2009_10,NA
845,POWER GRID CORPN. OF INDIA LTD.,L40101DL1989GOI038121,15,1,2010_11,NA
846,POWER GRID CORPN. OF INDIA LTD.,L40101DL1989GOI038121,15,1,2011_12,0.85
847,POWER GRID CORPN. OF INDIA LTD.,L40101DL1989GOI038121,15,1,2012_13,0.59
848,POWER GRID CORPN. OF INDIA LTD.,L40101DL1989GOI038121,15,1,2013_14,0.58
849,POWER GRID CORPN. OF INDIA LTD.,L40101DL1989GOI038121,15,1,2014_15,0.86
850,POWER GRID CORPN. OF INDIA LTD.,L40101DL1989GOI038121,15,1,2015_16,1.9
851,POWER GRID CORPN. OF INDIA LTD.,L40101DL1989GOI038121,15,1,2016_17,2.17
852,POWER GRID CORPN. OF INDIA LTD.,L40101DL1989GOI038121,15,1,2017_18,2
853,POWER GRID CORPN. OF INDIA LTD.,L40101DL1989GOI038121,15,1,2018_19,2
854,PUNJAB NATIONAL BANK,NA,92,1,2007_08,NA
855,PUNJAB NATIONAL BANK,NA,92,1,2008_09,NA
856,PUNJAB NATIONAL BANK,NA,92,1,2009_10,NA
857,PUNJAB NATIONAL BANK,NA,92,1,2010_11,NA
858,PUNJAB NATIONAL BANK,NA,92,1,2011_12,NA
859,PUNJAB NATIONAL BANK,NA,92,1,2012_13,0.05
860,PUNJAB NATIONAL BANK,NA,92,1,2013_14,0.04
861,PUNJAB NATIONAL BANK,NA,92,1,2014_15,0.06
862,PUNJAB NATIONAL BANK,NA,92,1,2015_16,0.13
863,PUNJAB NATIONAL BANK,NA,92,1,2016_17,1.95
864,PUNJAB NATIONAL BANK,NA,92,1,2017_18,4.29
865,PUNJAB NATIONAL BANK,NA,92,1,2018_19,-0.62
866,R E C LTD.,L40101DL1969GOI005095,23,1,2007_08,NA
867,R E C LTD.,L40101DL1969GOI005095,23,1,2008_09,NA
868,R E C LTD.,L40101DL1969GOI005095,23,1,2009_10,NA
869,R E C LTD.,L40101DL1969GOI005095,23,1,2010_11,NA
870,R E C LTD.,L40101DL1969GOI005095,23,1,2011_12,0.46
871,R E C LTD.,L40101DL1969GOI005095,23,1,2012_13,0.41
872,R E C LTD.,L40101DL1969GOI005095,23,1,2013_14,0.93
873,R E C LTD.,L40101DL1969GOI005095,23,1,2014_15,2
874,R E C LTD.,L40101DL1969GOI005095,23,1,2015_16,2.01
875,R E C LTD.,L40101DL1969GOI005095,23,1,2016_17,0.95
876,R E C LTD.,L40101DL1969GOI005095,23,1,2017_18,0.61
877,R E C LTD.,L40101DL1969GOI005095,23,1,2018_19,1.31
878,RANE BRAKE LINING LTD.,L63011TN2004PLC054948,94,0,2007_08,NA
879,RANE BRAKE LINING LTD.,L63011TN2004PLC054948,94,0,2008_09,NA
880,RANE BRAKE LINING LTD.,L63011TN2004PLC054948,94,0,2009_10,NA
881,RANE BRAKE LINING LTD.,L63011TN2004PLC054948,94,0,2010_11,NA
882,RANE BRAKE LINING LTD.,L63011TN2004PLC054948,94,0,2011_12,NA
883,RANE BRAKE LINING LTD.,L63011TN2004PLC054948,94,0,2012_13,NA
884,RANE BRAKE LINING LTD.,L63011TN2004PLC054948,94,0,2013_14,NA
885,RANE BRAKE LINING LTD.,L63011TN2004PLC054948,94,0,2014_15,2
886,RANE BRAKE LINING LTD.,L63011TN2004PLC054948,94,0,2015_16,2.02
887,RANE BRAKE LINING LTD.,L63011TN2004PLC054948,94,0,2016_17,2.01
888,RANE BRAKE LINING LTD.,L63011TN2004PLC054948,94,0,2017_18,199.97
889,RANE BRAKE LINING LTD.,L63011TN2004PLC054948,94,0,2018_19,200
890,RELIANCE INDUSTRIES LTD.,L17110MH1973PLC019786,1,0,2007_08,NA
891,RELIANCE INDUSTRIES LTD.,L17110MH1973PLC019786,1,0,2008_09,NA
892,RELIANCE INDUSTRIES LTD.,L17110MH1973PLC019786,1,0,2009_10,NA
893,RELIANCE INDUSTRIES LTD.,L17110MH1973PLC019786,1,0,2010_11,NA
894,RELIANCE INDUSTRIES LTD.,L17110MH1973PLC019786,1,0,2011_12,1.17
895,RELIANCE INDUSTRIES LTD.,L17110MH1973PLC019786,1,0,2012_13,1.47
896,RELIANCE INDUSTRIES LTD.,L17110MH1973PLC019786,1,0,2013_14,2.76
897,RELIANCE INDUSTRIES LTD.,L17110MH1973PLC019786,1,0,2014_15,2.85
898,RELIANCE INDUSTRIES LTD.,L17110MH1973PLC019786,1,0,2015_16,2.34
899,RELIANCE INDUSTRIES LTD.,L17110MH1973PLC019786,1,0,2016_17,2.13
900,RELIANCE INDUSTRIES LTD.,L17110MH1973PLC019786,1,0,2017_18,2.12
901,RELIANCE INDUSTRIES LTD.,L17110MH1973PLC019786,1,0,2018_19,2.09
902,RELIANCE INFRASTRUCTURE LTD.,L75100MH1929PLC001530,59,0,2007_08,NA
903,RELIANCE INFRASTRUCTURE LTD.,L75100MH1929PLC001530,59,0,2008_09,NA
904,RELIANCE INFRASTRUCTURE LTD.,L75100MH1929PLC001530,59,0,2009_10,NA
905,RELIANCE INFRASTRUCTURE LTD.,L75100MH1929PLC001530,59,0,2010_11,NA
906,RELIANCE INFRASTRUCTURE LTD.,L75100MH1929PLC001530,59,0,2011_12,NA
907,RELIANCE INFRASTRUCTURE LTD.,L75100MH1929PLC001530,59,0,2012_13,NA
908,RELIANCE INFRASTRUCTURE LTD.,L75100MH1929PLC001530,59,0,2013_14,NA
909,RELIANCE INFRASTRUCTURE LTD.,L75100MH1929PLC001530,59,0,2014_15,1.53
910,RELIANCE INFRASTRUCTURE LTD.,L75100MH1929PLC001530,59,0,2015_16,2.29
911,RELIANCE INFRASTRUCTURE LTD.,L75100MH1929PLC001530,59,0,2016_17,2.25
912,RELIANCE INFRASTRUCTURE LTD.,L75100MH1929PLC001530,59,0,2017_18,2.08
913,RELIANCE INFRASTRUCTURE LTD.,L75100MH1929PLC001530,59,0,2018_19,2
914,RUNGTA MINES LTD.,U26911WB1962PLC025691,87,0,2007_08,NA
915,RUNGTA MINES LTD.,U26911WB1962PLC025691,87,0,2008_09,NA
916,RUNGTA MINES LTD.,U26911WB1962PLC025691,87,0,2009_10,NA
917,RUNGTA MINES LTD.,U26911WB1962PLC025691,87,0,2010_11,NA
918,RUNGTA MINES LTD.,U26911WB1962PLC025691,87,0,2011_12,NA
919,RUNGTA MINES LTD.,U26911WB1962PLC025691,87,0,2012_13,NA
920,RUNGTA MINES LTD.,U26911WB1962PLC025691,87,0,2013_14,NA
921,RUNGTA MINES LTD.,U26911WB1962PLC025691,87,0,2014_15,1.84
922,RUNGTA MINES LTD.,U26911WB1962PLC025691,87,0,2015_16,2
923,RUNGTA MINES LTD.,U26911WB1962PLC025691,87,0,2016_17,2.49
924,RUNGTA MINES LTD.,U26911WB1962PLC025691,87,0,2017_18,3.03
925,S J V N LTD.,L40101HP1988GOI008409,54,1,2007_08,NA
926,S J V N LTD.,L40101HP1988GOI008409,54,1,2008_09,NA
927,S J V N LTD.,L40101HP1988GOI008409,54,1,2009_10,NA
928,S J V N LTD.,L40101HP1988GOI008409,54,1,2010_11,NA
929,S J V N LTD.,L40101HP1988GOI008409,54,1,2011_12,0.68
930,S J V N LTD.,L40101HP1988GOI008409,54,1,2012_13,1.37
931,S J V N LTD.,L40101HP1988GOI008409,54,1,2013_14,1.13
932,S J V N LTD.,L40101HP1988GOI008409,54,1,2014_15,2
933,S J V N LTD.,L40101HP1988GOI008409,54,1,2015_16,1.9
934,S J V N LTD.,L40101HP1988GOI008409,54,1,2016_17,2.19
935,S J V N LTD.,L40101HP1988GOI008409,54,1,2017_18,2.07
936,S J V N LTD.,L40101HP1988GOI008409,54,1,2018_19,2.31
937,SAMSUNG INDIA ELECTRONICS PVT. LTD.,U31900DL1995PTC071387,60,0,2011_12,NA
938,SAMSUNG INDIA ELECTRONICS PVT. LTD.,U31900DL1995PTC071387,60,0,2012_13,NA
939,SAMSUNG INDIA ELECTRONICS PVT. LTD.,U31900DL1995PTC071387,60,0,2013_14,NA
940,SAMSUNG INDIA ELECTRONICS PVT. LTD.,U31900DL1995PTC071387,60,0,2014_15,1.05
941,SAMSUNG INDIA ELECTRONICS PVT. LTD.,U31900DL1995PTC071387,60,0,2015_16,1.83
942,SAMSUNG INDIA ELECTRONICS PVT. LTD.,U31900DL1995PTC071387,60,0,2016_17,0.82
943,SAMSUNG INDIA ELECTRONICS PVT. LTD.,U31900DL1995PTC071387,60,0,2017_18,1.78
944,SAMSUNG INDIA ELECTRONICS PVT. LTD.,U31900DL1995PTC071387,60,0,2018_19,1.25
945,SHREE CEMENT LTD.,L26943RJ1979PLC001935,79,0,2007_08,NA
946,SHREE CEMENT LTD.,L26943RJ1979PLC001935,79,0,2008_09,NA
947,SHREE CEMENT LTD.,L26943RJ1979PLC001935,79,0,2009_10,NA
948,SHREE CEMENT LTD.,L26943RJ1979PLC001935,79,0,2010_11,NA
949,SHREE CEMENT LTD.,L26943RJ1979PLC001935,79,0,2011_12,1.45
950,SHREE CEMENT LTD.,L26943RJ1979PLC001935,79,0,2012_13,1.53
951,SHREE CEMENT LTD.,L26943RJ1979PLC001935,79,0,2013_14,NA
952,SHREE CEMENT LTD.,L26943RJ1979PLC001935,79,0,2014_15,1.97
953,SHREE CEMENT LTD.,L26943RJ1979PLC001935,79,0,2015_16,1.55
954,SHREE CEMENT LTD.,L26943RJ1979PLC001935,79,0,2016_17,2.02
955,SHREE CEMENT LTD.,L26943RJ1979PLC001935,79,0,2017_18,2.02
956,SHREE CEMENT LTD.,L26943RJ1979PLC001935,79,0,2018_19,1.73
957,SIEGWERK INDIA PVT. LTD.,U74999DL1997PTC084706,46,0,2011_12,NA
958,SIEGWERK INDIA PVT. LTD.,U74999DL1997PTC084706,46,0,2012_13,NA
959,SIEGWERK INDIA PVT. LTD.,U74999DL1997PTC084706,46,0,2013_14,NA
960,SIEGWERK INDIA PVT. LTD.,U74999DL1997PTC084706,46,0,2014_15,0.96
961,SIEGWERK INDIA PVT. LTD.,U74999DL1997PTC084706,46,0,2015_16,1.31
962,SIEGWERK INDIA PVT. LTD.,U74999DL1997PTC084706,46,0,2016_17,2.02
963,SIEGWERK INDIA PVT. LTD.,U74999DL1997PTC084706,46,0,2017_18,2.02
964,SOUTH EASTERN COALFIELDS LTD.,U10102CT1985GOI003161,30,1,2007_08,NA
965,SOUTH EASTERN COALFIELDS LTD.,U10102CT1985GOI003161,30,1,2008_09,NA
966,SOUTH EASTERN COALFIELDS LTD.,U10102CT1985GOI003161,30,1,2009_10,NA
967,SOUTH EASTERN COALFIELDS LTD.,U10102CT1985GOI003161,30,1,2010_11,NA
968,SOUTH EASTERN COALFIELDS LTD.,U10102CT1985GOI003161,30,1,2011_12,NA
969,SOUTH EASTERN COALFIELDS LTD.,U10102CT1985GOI003161,30,1,2012_13,NA
970,SOUTH EASTERN COALFIELDS LTD.,U10102CT1985GOI003161,30,1,2013_14,NA
971,SOUTH EASTERN COALFIELDS LTD.,U10102CT1985GOI003161,30,1,2014_15,NA
972,SOUTH EASTERN COALFIELDS LTD.,U10102CT1985GOI003161,30,1,2015_16,2
973,SOUTH EASTERN COALFIELDS LTD.,U10102CT1985GOI003161,30,1,2016_17,0.71
974,SOUTH EASTERN COALFIELDS LTD.,U10102CT1985GOI003161,30,1,2017_18,2.01
975,SOUTH EASTERN COALFIELDS LTD.,U10102CT1985GOI003161,30,1,2018_19,2.06
976,STATE BANK OF INDIA,NA,14,1,2007_08,NA
977,STATE BANK OF INDIA,NA,14,1,2008_09,NA
978,STATE BANK OF INDIA,NA,14,1,2009_10,NA
979,STATE BANK OF INDIA,NA,14,1,2010_11,NA
980,STATE BANK OF INDIA,NA,14,1,2011_12,0.5
981,STATE BANK OF INDIA,NA,14,1,2012_13,0.78
982,STATE BANK OF INDIA,NA,14,1,2013_14,0.84
983,STATE BANK OF INDIA,NA,14,1,2014_15,0.63
984,STATE BANK OF INDIA,NA,14,1,2015_16,0.78
985,STATE BANK OF INDIA,NA,14,1,2016_17,0.66
986,STATE BANK OF INDIA,NA,14,1,2017_18,0.7
987,STATE BANK OF INDIA,NA,14,1,2018_19,0.14
988,STEEL AUTHORITY OF INDIA LTD.,L27109DL1973GOI006454,48,1,2007_08,NA
989,STEEL AUTHORITY OF INDIA LTD.,L27109DL1973GOI006454,48,1,2008_09,NA
990,STEEL AUTHORITY OF INDIA LTD.,L27109DL1973GOI006454,48,1,2009_10,NA
991,STEEL AUTHORITY OF INDIA LTD.,L27109DL1973GOI006454,48,1,2010_11,NA
992,STEEL AUTHORITY OF INDIA LTD.,L27109DL1973GOI006454,48,1,2011_12,0.68
993,STEEL AUTHORITY OF INDIA LTD.,L27109DL1973GOI006454,48,1,2012_13,0.7
994,STEEL AUTHORITY OF INDIA LTD.,L27109DL1973GOI006454,48,1,2013_14,0.86
995,STEEL AUTHORITY OF INDIA LTD.,L27109DL1973GOI006454,48,1,2014_15,NA
996,STEEL AUTHORITY OF INDIA LTD.,L27109DL1973GOI006454,48,1,2015_16,2.66
997,STEEL AUTHORITY OF INDIA LTD.,L27109DL1973GOI006454,48,1,2016_17,-4.8
998,STEEL AUTHORITY OF INDIA LTD.,L27109DL1973GOI006454,48,1,2017_18,-0.78
999,STEEL AUTHORITY OF INDIA LTD.,L27109DL1973GOI006454,48,1,2018_19,-0.75
1000,TATA CONSULTANCY SERVICES LTD.,L22210MH1995PLC084781,3,0,2007_08,NA
1001,TATA CONSULTANCY SERVICES LTD.,L22210MH1995PLC084781,3,0,2008_09,NA
1002,TATA CONSULTANCY SERVICES LTD.,L22210MH1995PLC084781,3,0,2009_10,NA
1003,TATA CONSULTANCY SERVICES LTD.,L22210MH1995PLC084781,3,0,2010_11,NA
1004,TATA CONSULTANCY SERVICES LTD.,L22210MH1995PLC084781,3,0,2011_12,0.66
1005,TATA CONSULTANCY SERVICES LTD.,L22210MH1995PLC084781,3,0,2012_13,0.76
1006,TATA CONSULTANCY SERVICES LTD.,L22210MH1995PLC084781,3,0,2013_14,0.75
1007,TATA CONSULTANCY SERVICES LTD.,L22210MH1995PLC084781,3,0,2014_15,1.54
1008,TATA CONSULTANCY SERVICES LTD.,L22210MH1995PLC084781,3,0,2015_16,1.64
1009,TATA CONSULTANCY SERVICES LTD.,L22210MH1995PLC084781,3,0,2016_17,1.71
1010,TATA CONSULTANCY SERVICES LTD.,L22210MH1995PLC084781,3,0,2017_18,1.61
1011,TATA CONSULTANCY SERVICES LTD.,L22210MH1995PLC084781,3,0,2018_19,1.6
1012,TATA MOTORS LTD.,L28920MH1945PLC004520,76,0,2007_08,NA
1013,TATA MOTORS LTD.,L28920MH1945PLC004520,76,0,2008_09,NA
1014,TATA MOTORS LTD.,L28920MH1945PLC004520,76,0,2009_10,NA
1015,TATA MOTORS LTD.,L28920MH1945PLC004520,76,0,2010_11,NA
1016,TATA MOTORS LTD.,L28920MH1945PLC004520,76,0,2011_12,NA
1017,TATA MOTORS LTD.,L28920MH1945PLC004520,76,0,2012_13,NA
1018,TATA MOTORS LTD.,L28920MH1945PLC004520,76,0,2013_14,NA
1019,TATA MOTORS LTD.,L28920MH1945PLC004520,76,0,2014_15,-10.32
1020,TATA MOTORS LTD.,L28920MH1945PLC004520,76,0,2015_16,-1.01
1021,TATA MOTORS LTD.,L28920MH1945PLC004520,76,0,2016_17,-1.11
1022,TATA MOTORS LTD.,L28920MH1945PLC004520,76,0,2017_18,-0.92
1023,TATA MOTORS LTD.,L28920MH1945PLC004520,76,0,2018_19,-1.48
1024,TATA POWER CO. LTD.,L28920MH1919PLC000567,67,0,2007_08,NA
1025,TATA POWER CO. LTD.,L28920MH1919PLC000567,67,0,2008_09,NA
1026,TATA POWER CO. LTD.,L28920MH1919PLC000567,67,0,2009_10,NA
1027,TATA POWER CO. LTD.,L28920MH1919PLC000567,67,0,2010_11,NA
1028,TATA POWER CO. LTD.,L28920MH1919PLC000567,67,0,2011_12,NA
1029,TATA POWER CO. LTD.,L28920MH1919PLC000567,67,0,2012_13,0.59
1030,TATA POWER CO. LTD.,L28920MH1919PLC000567,67,0,2013_14,1.04
1031,TATA POWER CO. LTD.,L28920MH1919PLC000567,67,0,2014_15,2.09
1032,TATA POWER CO. LTD.,L28920MH1919PLC000567,67,0,2015_16,2.05
1033,TATA POWER CO. LTD.,L28920MH1919PLC000567,67,0,2016_17,2.1
1034,TATA POWER CO. LTD.,L28920MH1919PLC000567,67,0,2017_18,2.15
1035,TATA POWER CO. LTD.,L28920MH1919PLC000567,67,0,2018_19,2
1036,TATA STEEL LTD.,L27100MH1907PLC000260,8,0,2007_08,NA
1037,TATA STEEL LTD.,L27100MH1907PLC000260,8,0,2008_09,NA
1038,TATA STEEL LTD.,L27100MH1907PLC000260,8,0,2009_10,NA
1039,TATA STEEL LTD.,L27100MH1907PLC000260,8,0,2010_11,NA
1040,TATA STEEL LTD.,L27100MH1907PLC000260,8,0,2011_12,1.8
1041,TATA STEEL LTD.,L27100MH1907PLC000260,8,0,2012_13,1.91
1042,TATA STEEL LTD.,L27100MH1907PLC000260,8,0,2013_14,2.32
1043,TATA STEEL LTD.,L27100MH1907PLC000260,8,0,2014_15,2.04
1044,TATA STEEL LTD.,L27100MH1907PLC000260,8,0,2015_16,2.71
1045,TATA STEEL LTD.,L27100MH1907PLC000260,8,0,2016_17,3.34
1046,TATA STEEL LTD.,L27100MH1907PLC000260,8,0,2017_18,5.41
1047,TATA STEEL LTD.,L27100MH1907PLC000260,8,0,2018_19,7.64
1048,TECH MAHINDRA LTD.,L64200MH1986PLC041370,35,0,2007_08,NA
1049,TECH MAHINDRA LTD.,L64200MH1986PLC041370,35,0,2008_09,NA
1050,TECH MAHINDRA LTD.,L64200MH1986PLC041370,35,0,2009_10,NA
1051,TECH MAHINDRA LTD.,L64200MH1986PLC041370,35,0,2010_11,NA
1052,TECH MAHINDRA LTD.,L64200MH1986PLC041370,35,0,2011_12,NA
1053,TECH MAHINDRA LTD.,L64200MH1986PLC041370,35,0,2012_13,NA
1054,TECH MAHINDRA LTD.,L64200MH1986PLC041370,35,0,2013_14,NA
1055,TECH MAHINDRA LTD.,L64200MH1986PLC041370,35,0,2014_15,3.45
1056,TECH MAHINDRA LTD.,L64200MH1986PLC041370,35,0,2015_16,2.27
1057,TECH MAHINDRA LTD.,L64200MH1986PLC041370,35,0,2016_17,2.05
1058,TECH MAHINDRA LTD.,L64200MH1986PLC041370,35,0,2017_18,20
1059,TECH MAHINDRA LTD.,L64200MH1986PLC041370,35,0,2018_19,2
1060,TITAN COMPANY LTD.,L74999TZ1984PLC001456,86,0,2007_08,NA
1061,TITAN COMPANY LTD.,L74999TZ1984PLC001456,86,0,2008_09,NA
1062,TITAN COMPANY LTD.,L74999TZ1984PLC001456,86,0,2009_10,NA
1063,TITAN COMPANY LTD.,L74999TZ1984PLC001456,86,0,2010_11,NA
1064,TITAN COMPANY LTD.,L74999TZ1984PLC001456,86,0,2011_12,NA
1065,TITAN COMPANY LTD.,L74999TZ1984PLC001456,86,0,2012_13,0.51
1066,TITAN COMPANY LTD.,L74999TZ1984PLC001456,86,0,2013_14,0.49
1067,TITAN COMPANY LTD.,L74999TZ1984PLC001456,86,0,2014_15,1.27
1068,TITAN COMPANY LTD.,L74999TZ1984PLC001456,86,0,2015_16,1.67
1069,TITAN COMPANY LTD.,L74999TZ1984PLC001456,86,0,2016_17,2.01
1070,TITAN COMPANY LTD.,L74999TZ1984PLC001456,86,0,2017_18,2.26
1071,TITAN COMPANY LTD.,L74999TZ1984PLC001456,86,0,2018_19,2.62
1072,TORRENT PHARMACEUTICALS LTD.,L24230GJ1972PLC002126,75,0,2007_08,NA
1073,TORRENT PHARMACEUTICALS LTD.,L24230GJ1972PLC002126,75,0,2008_09,NA
1074,TORRENT PHARMACEUTICALS LTD.,L24230GJ1972PLC002126,75,0,2009_10,NA
1075,TORRENT PHARMACEUTICALS LTD.,L24230GJ1972PLC002126,75,0,2010_11,NA
1076,TORRENT PHARMACEUTICALS LTD.,L24230GJ1972PLC002126,75,0,2011_12,NA
1077,TORRENT PHARMACEUTICALS LTD.,L24230GJ1972PLC002126,75,0,2012_13,NA
1078,TORRENT PHARMACEUTICALS LTD.,L24230GJ1972PLC002126,75,0,2013_14,NA
1079,TORRENT PHARMACEUTICALS LTD.,L24230GJ1972PLC002126,75,0,2014_15,2.19
1080,TORRENT PHARMACEUTICALS LTD.,L24230GJ1972PLC002126,75,0,2015_16,2.06
1081,TORRENT PHARMACEUTICALS LTD.,L24230GJ1972PLC002126,75,0,2016_17,2.01
1082,TORRENT PHARMACEUTICALS LTD.,L24230GJ1972PLC002126,75,0,2017_18,2
1083,TORRENT PHARMACEUTICALS LTD.,L24230GJ1972PLC002126,75,0,2018_19,2.01
1084,U P L LTD.,L24219GJ1985PLC025132,95,0,2007_08,NA
1085,U P L LTD.,L24219GJ1985PLC025132,95,0,2008_09,NA
1086,U P L LTD.,L24219GJ1985PLC025132,95,0,2009_10,NA
1087,U P L LTD.,L24219GJ1985PLC025132,95,0,2010_11,NA
1088,U P L LTD.,L24219GJ1985PLC025132,95,0,2011_12,NA
1089,U P L LTD.,L24219GJ1985PLC025132,95,0,2012_13,NA
1090,U P L LTD.,L24219GJ1985PLC025132,95,0,2013_14,NA
1091,U P L LTD.,L24219GJ1985PLC025132,95,0,2014_15,3.07
1092,U P L LTD.,L24219GJ1985PLC025132,95,0,2015_16,2.94
1093,U P L LTD.,L24219GJ1985PLC025132,95,0,2016_17,9.73
1094,U P L LTD.,L24219GJ1985PLC025132,95,0,2017_18,6.86
1095,U P L LTD.,L24219GJ1985PLC025132,95,0,2018_19,7.54
1096,ULTRATECH CEMENT LTD.,L26940MH2000PLC128420,39,0,2007_08,NA
1097,ULTRATECH CEMENT LTD.,L26940MH2000PLC128420,39,0,2008_09,NA
1098,ULTRATECH CEMENT LTD.,L26940MH2000PLC128420,39,0,2009_10,NA
1099,ULTRATECH CEMENT LTD.,L26940MH2000PLC128420,39,0,2010_11,NA
1100,ULTRATECH CEMENT LTD.,L26940MH2000PLC128420,39,0,2011_12,0.42
1101,ULTRATECH CEMENT LTD.,L26940MH2000PLC128420,39,0,2012_13,NA
1102,ULTRATECH CEMENT LTD.,L26940MH2000PLC128420,39,0,2013_14,NA
1103,ULTRATECH CEMENT LTD.,L26940MH2000PLC128420,39,0,2014_15,144.54
1104,ULTRATECH CEMENT LTD.,L26940MH2000PLC128420,39,0,2015_16,1.76
1105,ULTRATECH CEMENT LTD.,L26940MH2000PLC128420,39,0,2016_17,2.03
1106,ULTRATECH CEMENT LTD.,L26940MH2000PLC128420,39,0,2017_18,2.06
1107,ULTRATECH CEMENT LTD.,L26940MH2000PLC128420,39,0,2018_19,2.45
1108,VEDANTA LTD.,L13209MH1965PLC291394,71,0,2007_08,NA
1109,VEDANTA LTD.,L13209MH1965PLC291394,71,0,2008_09,NA
1110,VEDANTA LTD.,L13209MH1965PLC291394,71,0,2009_10,NA
1111,VEDANTA LTD.,L13209MH1965PLC291394,71,0,2010_11,NA
1112,VEDANTA LTD.,L13209MH1965PLC291394,71,0,2011_12,NA
1113,VEDANTA LTD.,L13209MH1965PLC291394,71,0,2012_13,NA
1114,VEDANTA LTD.,L13209MH1965PLC291394,71,0,2013_14,NA
1115,VEDANTA LTD.,L13209MH1965PLC291394,71,0,2014_15,NA
1116,VEDANTA LTD.,L13209MH1965PLC291394,71,0,2015_16,NA
1117,VEDANTA LTD.,L13209MH1965PLC291394,71,0,2016_17,NA
1118,VEDANTA LTD.,L13209MH1965PLC291394,71,0,2017_18,9.59
1119,VEDANTA LTD.,L13209MH1965PLC291394,71,0,2018_19,7.85
1120,VODAFONE IDEA LTD.,L32100GJ1996PLC030976,83,0,2007_08,NA
1121,VODAFONE IDEA LTD.,L32100GJ1996PLC030976,83,0,2008_09,NA
1122,VODAFONE IDEA LTD.,L32100GJ1996PLC030976,83,0,2009_10,NA
1123,VODAFONE IDEA LTD.,L32100GJ1996PLC030976,83,0,2010_11,NA
1124,VODAFONE IDEA LTD.,L32100GJ1996PLC030976,83,0,2011_12,NA
1125,VODAFONE IDEA LTD.,L32100GJ1996PLC030976,83,0,2012_13,NA
1126,VODAFONE IDEA LTD.,L32100GJ1996PLC030976,83,0,2013_14,NA
1127,VODAFONE IDEA LTD.,L32100GJ1996PLC030976,83,0,2014_15,NA
1128,VODAFONE IDEA LTD.,L32100GJ1996PLC030976,83,0,2015_16,0.67
1129,VODAFONE IDEA LTD.,L32100GJ1996PLC030976,83,0,2016_17,1.01
1130,VODAFONE IDEA LTD.,L32100GJ1996PLC030976,83,0,2017_18,0.85
1131,VODAFONE IDEA LTD.,L32100GJ1996PLC030976,83,0,2018_19,NA
1132,WESTERN COALFIELDS LTD.,U10100MH1975GOI018626,78,1,2007_08,NA
1133,WESTERN COALFIELDS LTD.,U10100MH1975GOI018626,78,1,2008_09,NA
1134,WESTERN COALFIELDS LTD.,U10100MH1975GOI018626,78,1,2009_10,NA
1135,WESTERN COALFIELDS LTD.,U10100MH1975GOI018626,78,1,2010_11,NA
1136,WESTERN COALFIELDS LTD.,U10100MH1975GOI018626,78,1,2011_12,0.87
1137,WESTERN COALFIELDS LTD.,U10100MH1975GOI018626,78,1,2012_13,2.63
1138,WESTERN COALFIELDS LTD.,U10100MH1975GOI018626,78,1,2013_14,3.82
1139,WESTERN COALFIELDS LTD.,U10100MH1975GOI018626,78,1,2014_15,NA
1140,WESTERN COALFIELDS LTD.,U10100MH1975GOI018626,78,1,2015_16,NA
1141,WESTERN COALFIELDS LTD.,U10100MH1975GOI018626,78,1,2016_17,-128.84
1142,WESTERN COALFIELDS LTD.,U10100MH1975GOI018626,78,1,2017_18,NA
1143,WESTERN COALFIELDS LTD.,U10100MH1975GOI018626,78,1,2018_19,NA
1144,WIPRO LTD.,L32102KA1945PLC020800,11,0,2007_08,NA
1145,WIPRO LTD.,L32102KA1945PLC020800,11,0,2008_09,NA
1146,WIPRO LTD.,L32102KA1945PLC020800,11,0,2009_10,NA
1147,WIPRO LTD.,L32102KA1945PLC020800,11,0,2010_11,NA
1148,WIPRO LTD.,L32102KA1945PLC020800,11,0,2011_12,NA
1149,WIPRO LTD.,L32102KA1945PLC020800,11,0,2012_13,NA
1150,WIPRO LTD.,L32102KA1945PLC020800,11,0,2013_14,0.25
1151,WIPRO LTD.,L32102KA1945PLC020800,11,0,2014_15,2.07
1152,WIPRO LTD.,L32102KA1945PLC020800,11,0,2015_16,2.05
1153,WIPRO LTD.,L32102KA1945PLC020800,11,0,2016_17,2.9
1154,WIPRO LTD.,L32102KA1945PLC020800,11,0,2017_18,2.04
1155,WIPRO LTD.,L32102KA1945PLC020800,11,0,2018_19,2.11
1156,YES BANK LTD.,L65190MH2003PLC143249,53,0,2007_08,NA
1157,YES BANK LTD.,L65190MH2003PLC143249,53,0,2008_09,NA
1158,YES BANK LTD.,L65190MH2003PLC143249,53,0,2009_10,NA
1159,YES BANK LTD.,L65190MH2003PLC143249,53,0,2010_11,NA
1160,YES BANK LTD.,L65190MH2003PLC143249,53,0,2011_12,NA
1161,YES BANK LTD.,L65190MH2003PLC143249,53,0,2012_13,0.62
1162,YES BANK LTD.,L65190MH2003PLC143249,53,0,2013_14,0.83
1163,YES BANK LTD.,L65190MH2003PLC143249,53,0,2014_15,0.83
1164,YES BANK LTD.,L65190MH2003PLC143249,53,0,2015_16,123.67
1165,YES BANK LTD.,L65190MH2003PLC143249,53,0,2016_17,138.82
1166,YES BANK LTD.,L65190MH2003PLC143249,53,0,2017_18,1.17
1167,YES BANK LTD.,L65190MH2003PLC143249,53,0,2018_19,1.13
